"shot_id","shot_made_flag"
1,0.548
8,0.602112676056338
17,0.664021164021164
20,0.65695067264574
33,0.585657370517928
34,0.555555555555556
35,0.655086848635236
36,0.658291457286432
37,0.664021164021164
38,0.648
45,0.605357142857143
50,0.64
55,0.68
60,0.716
66,0.550387596899225
67,0.561752988047809
71,0.54
80,0.556390977443609
85,0.566037735849057
86,0.576
95,0.588
104,0.607142857142857
113,0.6
123,0.653386454183267
126,0.68
133,0.65695067264574
141,0.596837944664032
144,0.590551181102362
150,0.649006622516556
152,0.616
153,0.649006622516556
156,0.649006622516556
159,0.65695067264574
165,0.652459016393443
172,0.555555555555556
182,0.652459016393443
192,0.584
193,0.664021164021164
196,0.584
202,0.628
210,0.68
211,0.6
228,0.65695067264574
257,0.548
260,0.548
264,0.652
267,0.589641434262948
279,0.664021164021164
282,0.584
293,0.571984435797665
299,0.557768924302789
300,0.612
301,0.573705179282869
317,0.60536398467433
327,0.612
328,0.577519379844961
335,0.664021164021164
346,0.574803149606299
348,0.549407114624506
365,0.537848605577689
390,0.652459016393443
391,0.652459016393443
392,0.568702290076336
397,0.646825396825397
418,0.629482071713147
428,0.58
434,0.649402390438247
439,0.65695067264574
440,0.605577689243028
456,0.596
459,0.588461538461538
472,0.598425196850394
480,0.55859375
491,0.68503937007874
497,0.636
509,0.633466135458167
511,0.637450199203187
523,0.557768924302789
533,0.54
544,0.649006622516556
546,0.573705179282869
555,0.652459016393443
558,0.638888888888889
560,0.616
573,0.6
591,0.555555555555556
596,0.548262548262548
597,0.625498007968127
601,0.545454545454545
605,0.54
617,0.556
628,0.604
634,0.585657370517928
646,0.593625498007968
649,0.628
651,0.652459016393443
654,0.652459016393443
656,0.664021164021164
657,0.58
669,0.56
670,0.65695067264574
693,0.543726235741445
694,0.55952380952381
699,0.585657370517928
711,0.56
718,0.588
722,0.621513944223108
723,0.647058823529412
725,0.64
734,0.648
735,0.664021164021164
737,0.604743083003953
746,0.628
747,0.567460317460317
766,0.68
767,0.619047619047619
771,0.595238095238095
773,0.544
774,0.597609561752988
783,0.581673306772908
784,0.625498007968127
789,0.672
792,0.648
804,0.604
809,0.605577689243028
812,0.572
813,0.612
817,0.565737051792829
820,0.648
825,0.597609561752988
826,0.6
829,0.58
855,0.58
859,0.664021164021164
862,0.644
870,0.648
876,0.648
880,0.556
886,0.649006622516556
889,0.585657370517928
891,0.65695067264574
897,0.652459016393443
902,0.62109375
903,0.603053435114504
908,0.630952380952381
909,0.536
920,0.664
922,0.552
924,0.648
932,0.624
934,0.664
937,0.645418326693227
941,0.577689243027888
943,0.584
950,0.569721115537849
952,0.642857142857143
954,0.65695067264574
963,0.604
975,0.652
979,0.536
981,0.584
983,0.589641434262948
985,0.657718120805369
989,0.648208469055375
995,0.536
998,0.664021164021164
1008,0.596837944664032
1019,0.664021164021164
1023,0.541832669322709
1026,0.527777777777778
1029,0.58
1034,0.652
1036,0.6
1038,0.576
1039,0.628
1051,0.649006622516556
1052,0.553784860557769
1066,0.581673306772908
1087,0.554744525547445
1092,0.62
1094,0.584
1098,0.537848605577689
1099,0.648
1102,0.648
1118,0.54
1131,0.582089552238806
1133,0.664021164021164
1135,0.664021164021164
1138,0.649006622516556
1139,0.649006622516556
1142,0.648
1151,0.604
1152,0.536
1155,0.6
1165,0.596
1167,0.610687022900763
1172,0.603015075376884
1174,0.552325581395349
1180,0.649006622516556
1200,0.544
1202,0.528
1227,0.54
1228,0.641821946169772
1229,0.672
1237,0.664021164021164
1241,0.583333333333333
1256,0.56
1279,0.556
1293,0.65695067264574
1295,0.616
1319,0.65695067264574
1320,0.595238095238095
1321,0.556
1322,0.553359683794466
1334,0.721115537848606
1351,0.652459016393443
1373,0.628
1375,0.672
1380,0.63855421686747
1382,0.589147286821705
1385,0.649006622516556
1399,0.576
1403,0.649006622516556
1428,0.56
1434,0.664
1444,0.664021164021164
1448,0.573705179282869
1466,0.568
1476,0.585657370517928
1478,0.524
1485,0.553784860557769
1491,0.65695067264574
1494,0.573643410852713
1500,0.664021164021164
1501,0.588
1503,0.637450199203187
1519,0.648535564853556
1524,0.573705179282869
1529,0.557768924302789
1533,0.61864406779661
1538,0.615960099750623
1539,0.56
1546,0.64128256513026
1555,0.617529880478088
1559,0.592
1563,0.573705179282869
1565,0.61864406779661
1574,0.589641434262948
1591,0.596
1594,0.537549407114625
1605,0.644
1611,0.585657370517928
1614,0.632
1620,0.56
1626,0.567460317460317
1630,0.576
1632,0.604
1634,0.54
1643,0.672
1651,0.596
1655,0.672
1658,0.588
1659,0.641434262948207
1665,0.556
1675,0.624
1680,0.61864406779661
1690,0.668
1696,0.59375
1714,0.585185185185185
1721,0.565217391304348
1726,0.588
1728,0.572
1734,0.616
1735,0.596
1740,0.569811320754717
1744,0.604
1747,0.588
1752,0.604
1763,0.61864406779661
1765,0.61864406779661
1769,0.609561752988048
1785,0.556
1787,0.592
1788,0.615960099750623
1793,0.58
1800,0.587301587301587
1825,0.58
1826,0.615960099750623
1834,0.58
1843,0.628
1844,0.628
1848,0.601593625498008
1849,0.615960099750623
1860,0.64128256513026
1863,0.64128256513026
1875,0.529880478087649
1883,0.612
1890,0.601593625498008
1892,0.562015503875969
1893,0.629482071713147
1897,0.572
1905,0.553784860557769
1908,0.561752988047809
1931,0.603174603174603
1940,0.64128256513026
1943,0.604743083003953
1947,0.756
1965,0.645418326693227
1967,0.576
1968,0.576
1972,0.648535564853556
1982,0.644
1985,0.62
2005,0.607843137254902
2010,0.569721115537849
2021,0.597609561752988
2024,0.538759689922481
2036,0.56
2043,0.576
2047,0.672
2049,0.56078431372549
2055,0.643137254901961
2065,0.531496062992126
2066,0.636
2070,0.571428571428571
2077,0.648535564853556
2085,0.588932806324111
2095,0.601593625498008
2097,0.615960099750623
2108,0.64128256513026
2112,0.59765625
2113,0.613545816733068
2122,0.604
2139,0.553784860557769
2144,0.66
2146,0.584
2148,0.572
2149,0.64128256513026
2157,0.66
2159,0.56
2168,0.604
2176,0.61864406779661
2178,0.624
2181,0.567460317460317
2187,0.527777777777778
2188,0.556
2190,0.564
2194,0.615960099750623
2197,0.565217391304348
2214,0.713147410358566
2217,0.66
2222,0.584
2223,0.601593625498008
2226,0.673306772908366
2230,0.64128256513026
2240,0.61864406779661
2247,0.628
2250,0.585714285714286
2259,0.604
2262,0.632
2266,0.591269841269841
2305,0.673306772908366
2310,0.604
2313,0.615960099750623
2319,0.604
2320,0.55511811023622
2345,0.58984375
2350,0.615960099750623
2356,0.58
2360,0.661354581673307
2370,0.572
2386,0.612
2398,0.596
2414,0.615960099750623
2435,0.648535564853556
2439,0.64128256513026
2446,0.64128256513026
2458,0.604
2465,0.646825396825397
2466,0.581673306772908
2470,0.604
2495,0.61864406779661
2501,0.637450199203187
2507,0.553784860557769
2533,0.776892430278884
2537,0.579365079365079
2538,0.588
2541,0.536
2542,0.648535564853556
2544,0.567460317460317
2554,0.556390977443609
2555,0.57088122605364
2565,0.649895178197065
2575,0.626185958254269
2586,0.615960099750623
2588,0.571428571428571
2594,0.64128256513026
2617,0.61864406779661
2618,0.557692307692308
2623,0.615960099750623
2631,0.648535564853556
2640,0.567567567567568
2642,0.61864406779661
2647,0.589641434262948
2663,0.557768924302789
2664,0.625498007968127
2676,0.535714285714286
2680,0.64128256513026
2681,0.576
2691,0.601593625498008
2693,0.548
2695,0.648535564853556
2704,0.644
2708,0.612
2709,0.615960099750623
2717,0.64128256513026
2722,0.544
2728,0.58
2732,0.648535564853556
2743,0.603053435114504
2752,0.592307692307692
2757,0.615960099750623
2761,0.648535564853556
2769,0.537848605577689
2771,0.64128256513026
2774,0.628
2776,0.644
2781,0.616
2793,0.568
2799,0.532
2803,0.528
2811,0.528
2818,0.649402390438247
2824,0.64128256513026
2828,0.615960099750623
2829,0.588
2830,0.556
2842,0.61864406779661
2847,0.615960099750623
2848,0.596
2868,0.588
2870,0.616
2885,0.572
2886,0.595238095238095
2889,0.569721115537849
2903,0.584
2904,0.648535564853556
2918,0.644
2919,0.672
2922,0.552
2923,0.511627906976744
2931,0.571428571428571
2945,0.584
2955,0.630952380952381
2957,0.615960099750623
2960,0.615960099750623
2963,0.548
2966,0.648535564853556
2972,0.561752988047809
2974,0.552
2982,0.576
2984,0.585454545454545
3016,0.648535564853556
3021,0.673306772908366
3023,0.61864406779661
3025,0.552
3029,0.585271317829457
3034,0.64128256513026
3038,0.636
3040,0.548
3051,0.556
3062,0.592
3069,0.624
3071,0.555133079847909
3076,0.648535564853556
3079,0.552
3081,0.536
3082,0.58
3084,0.583333333333333
3098,0.6
3104,0.616
3105,0.561752988047809
3114,0.617250673854447
3118,0.577689243027888
3122,0.53515625
3132,0.582375478927203
3138,0.612
3141,0.617250673854447
3156,0.617250673854447
3162,0.632989690721649
3167,0.64
3170,0.584
3171,0.686507936507937
3172,0.589641434262948
3176,0.63956043956044
3180,0.604
3189,0.563492063492063
3198,0.624
3206,0.592
3215,0.6
3222,0.635051546391753
3228,0.672
3229,0.682539682539683
3232,0.66403162055336
3233,0.581673306772908
3238,0.616
3256,0.602469135802469
3264,0.644
3273,0.588
3275,0.592
3285,0.631578947368421
3289,0.657370517928287
3294,0.633466135458167
3306,0.584
3311,0.63956043956044
3318,0.671936758893281
3322,0.664
3324,0.672
3334,0.668
3341,0.58
3345,0.588235294117647
3346,0.63956043956044
3352,0.543650793650794
3368,0.672
3371,0.684
3372,0.62
3375,0.633466135458167
3384,0.628
3387,0.658730158730159
3393,0.536
3406,0.597609561752988
3411,0.552
3412,0.524590163934426
3414,0.648
3417,0.636363636363636
3420,0.63956043956044
3423,0.632989690721649
3436,0.596551724137931
3438,0.632989690721649
3442,0.654761904761905
3443,0.684
3451,0.607142857142857
3461,0.589641434262948
3489,0.665338645418327
3491,0.644
3510,0.60546875
3515,0.653284671532847
3527,0.592
3530,0.617250673854447
3540,0.64
3582,0.678571428571429
3604,0.64066852367688
3605,0.648
3609,0.590909090909091
3624,0.62
3628,0.632989690721649
3630,0.656
3641,0.592
3642,0.561752988047809
3648,0.684
3650,0.632989690721649
3652,0.617250673854447
3660,0.597609561752988
3664,0.565384615384615
3670,0.533596837944664
3672,0.568
3680,0.63956043956044
3682,0.63956043956044
3685,0.563492063492063
3686,0.611111111111111
3689,0.648
3705,0.569721115537849
3712,0.676
3713,0.572
3719,0.650793650793651
3721,0.676
3723,0.584
3724,0.651340996168582
3727,0.633466135458167
3733,0.592
3734,0.624
3742,0.597609561752988
3770,0.652
3777,0.64
3778,0.644
3780,0.592
3783,0.52
3784,0.536
3788,0.628
3790,0.628
3794,0.628
3795,0.657370517928287
3796,0.58
3801,0.641434262948207
3806,0.54
3813,0.629482071713147
3814,0.665338645418327
3818,0.632989690721649
3824,0.584
3836,0.661354581673307
3853,0.612
3855,0.604
3858,0.617250673854447
3861,0.617250673854447
3866,0.608
3870,0.6
3874,0.64066852367688
3876,0.653386454183267
3878,0.578544061302682
3890,0.576
3900,0.632989690721649
3904,0.604
3906,0.644
3907,0.637450199203187
3908,0.644
3912,0.617250673854447
3918,0.632989690721649
3923,0.617250673854447
3924,0.588
3925,0.617250673854447
3927,0.572
3955,0.63956043956044
3964,0.64066852367688
3969,0.64066852367688
3974,0.617250673854447
3976,0.63956043956044
3984,0.64638783269962
3991,0.608
3993,0.617250673854447
4009,0.58
4011,0.588
4020,0.66
4033,0.684
4041,0.592
4045,0.617250673854447
4052,0.63956043956044
4055,0.605577689243028
4056,0.613545816733068
4057,0.686507936507937
4067,0.64066852367688
4069,0.592
4077,0.591439688715953
4094,0.629482071713147
4095,0.644
4100,0.58
4119,0.68
4130,0.549295774647887
4131,0.608
4132,0.527777777777778
4134,0.579166666666667
4137,0.600346020761246
4138,0.630952380952381
4143,0.609561752988048
4145,0.632495164410058
4148,0.644
4163,0.576
4166,0.576
4169,0.632989690721649
4170,0.612
4174,0.632989690721649
4180,0.672
4199,0.632989690721649
4201,0.592
4203,0.596
4210,0.844
4211,0.593625498007968
4213,0.63956043956044
4225,0.604
4235,0.585657370517928
4242,0.604
4245,0.58
4250,0.58
4252,0.568
4254,0.632989690721649
4263,0.64066852367688
4264,0.64066852367688
4268,0.64
4270,0.588
4282,0.63956043956044
4283,0.632
4291,0.576
4304,0.592
4306,0.583333333333333
4309,0.592
4310,0.672
4313,0.544
4314,0.625498007968127
4315,0.636
4321,0.604
4324,0.64
4325,0.624505928853755
4328,0.587301587301587
4329,0.732
4332,0.58
4337,0.633466135458167
4342,0.584
4344,0.592
4352,0.56
4355,0.572
4366,0.616
4371,0.576
4372,0.588
4376,0.564
4384,0.636
4387,0.669322709163347
4389,0.604
4390,0.645418326693227
4406,0.616
4407,0.63956043956044
4409,0.63956043956044
4410,0.63956043956044
4424,0.649402390438247
4434,0.536
4452,0.632989690721649
4460,0.604
4470,0.632989690721649
4480,0.616
4496,0.632989690721649
4503,0.609195402298851
4512,0.592
4518,0.63956043956044
4519,0.549800796812749
4522,0.668
4525,0.601593625498008
4537,0.577689243027888
4546,0.596
4547,0.63956043956044
4553,0.596
4556,0.633466135458167
4558,0.58498023715415
4563,0.588
4568,0.616
4574,0.632989690721649
4578,0.581673306772908
4587,0.592
4592,0.668
4610,0.616
4615,0.63956043956044
4619,0.609561752988048
4620,0.661354581673307
4625,0.607692307692308
4635,0.536
4636,0.616
4641,0.597609561752988
4650,0.613545816733068
4653,0.617250673854447
4665,0.66
4668,0.617250673854447
4669,0.64
4670,0.545454545454545
4674,0.641434262948207
4675,0.626984126984127
4676,0.632989690721649
4679,0.552
4680,0.64066852367688
4686,0.55859375
4699,0.609561752988048
4713,0.617250673854447
4718,0.608
4721,0.616
4722,0.616
4724,0.536
4730,0.6
4731,0.64
4735,0.604
4743,0.608
4745,0.584
4746,0.583333333333333
4747,0.630952380952381
4748,0.652
4769,0.596
4771,0.644
4774,0.593155893536122
4784,0.572
4797,0.589641434262948
4801,0.568
4804,0.589641434262948
4820,0.533864541832669
4833,0.609561752988048
4834,0.668
4851,0.64
4859,0.644
4860,0.64066852367688
4863,0.593625498007968
4873,0.612
4881,0.586466165413534
4892,0.64
4908,0.632989690721649
4911,0.66
4915,0.653284671532847
4922,0.58
4929,0.632989690721649
4936,0.732
4939,0.584
4951,0.668
4956,0.664
4961,0.584
4964,0.66
4981,0.611111111111111
4991,0.617250673854447
4992,0.593625498007968
4997,0.62
5004,0.589641434262948
5010,0.641434262948207
5012,0.58498023715415
5015,0.576
5020,0.596
5030,0.684
5051,0.630669546436285
5052,0.630669546436285
5057,0.617816091954023
5058,0.617816091954023
5060,0.624
5061,0.568
5064,0.630669546436285
5078,0.608355091383812
5080,0.587336244541485
5088,0.656
5089,0.601362862010221
5090,0.577689243027888
5103,0.607142857142857
5108,0.544
5114,0.596
5115,0.592
5124,0.577319587628866
5137,0.617816091954023
5139,0.572
5144,0.64
5149,0.617816091954023
5157,0.632
5163,0.7
5174,0.644
5176,0.630669546436285
5179,0.619047619047619
5186,0.617816091954023
5203,0.607142857142857
5204,0.605797101449275
5206,0.656370656370656
5207,0.644
5220,0.628
5221,0.620192307692308
5224,0.696
5227,0.628
5229,0.595238095238095
5232,0.617816091954023
5240,0.630669546436285
5242,0.610236220472441
5243,0.563492063492063
5245,0.60546875
5248,0.620192307692308
5249,0.564393939393939
5254,0.644
5269,0.569721115537849
5272,0.593625498007968
5276,0.608
5286,0.617816091954023
5290,0.568627450980392
5308,0.605797101449275
5316,0.608
5318,0.630669546436285
5319,0.696
5320,0.531531531531532
5322,0.743190661478599
5324,0.664
5331,0.575875486381323
5336,0.630669546436285
5344,0.617816091954023
5354,0.576
5356,0.872
5358,0.603174603174603
5361,0.577689243027888
5365,0.620192307692308
5370,0.644
5376,0.592
5383,0.670634920634921
5384,0.572
5385,0.608
5393,0.620192307692308
5397,0.709163346613546
5398,0.625482625482625
5402,0.576
5407,0.607547169811321
5409,0.645418326693227
5425,0.620192307692308
5428,0.620192307692308
5430,0.644
5442,0.608
5447,0.617816091954023
5470,0.628
5485,0.592
5493,0.573705179282869
5502,0.566787003610108
5504,0.7
5517,0.601593625498008
5522,0.58
5527,0.630669546436285
5528,0.584905660377358
5536,0.601593625498008
5545,0.633858267716535
5576,0.575875486381323
5577,0.584
5592,0.574912891986063
5594,0.665338645418327
5595,0.592
5596,0.616
5599,0.572
5606,0.620192307692308
5617,0.676
5625,0.588
5626,0.555555555555556
5627,0.620192307692308
5642,0.605797101449275
5659,0.617816091954023
5664,0.620192307692308
5666,0.588
5671,0.649606299212598
5674,0.592
5677,0.576
5681,0.633466135458167
5683,0.873015873015873
5700,0.605797101449275
5713,0.620192307692308
5715,0.620192307692308
5718,0.645418326693227
5726,0.562992125984252
5738,0.56
5741,0.652
5743,0.661354581673307
5753,0.605797101449275
5761,0.568
5789,0.578947368421053
5797,0.704
5803,0.613545816733068
5810,0.630669546436285
5813,0.66
5817,0.644
5818,0.531645569620253
5822,0.549800796812749
5829,0.565693430656934
5846,0.620192307692308
5847,0.644
5854,0.661354581673307
5858,0.605797101449275
5863,0.612
5869,0.590579710144927
5870,0.641434262948207
5876,0.576335877862595
5881,0.602362204724409
5901,0.672
5922,0.665338645418327
5928,0.617816091954023
5933,0.620192307692308
5934,0.630669546436285
5946,0.576
5951,0.560311284046693
5955,0.615079365079365
5956,0.630669546436285
5965,0.684
5972,0.572
5981,0.619047619047619
5997,0.630669546436285
6005,0.633466135458167
6009,0.613026819923372
6010,0.64
6015,0.623529411764706
6039,0.584269662921348
6047,0.617816091954023
6051,0.880478087649402
6056,0.593625498007968
6061,0.661354581673307
6064,0.651851851851852
6065,0.616
6070,0.568
6085,0.630669546436285
6086,0.648
6091,0.617816091954023
6097,0.576923076923077
6099,0.620192307692308
6104,0.620192307692308
6108,0.630669546436285
6109,0.630669546436285
6124,0.528957528957529
6142,0.630669546436285
6144,0.632
6150,0.624
6154,0.617816091954023
6155,0.567460317460317
6156,0.617816091954023
6158,0.568
6159,0.617816091954023
6169,0.630669546436285
6170,0.897233201581028
6179,0.597609561752988
6184,0.568
6186,0.620192307692308
6204,0.733067729083665
6230,0.628205128205128
6231,0.604
6232,0.6
6235,0.596
6237,0.6
6239,0.595238095238095
6263,0.590322580645161
6265,0.606299212598425
6270,0.583025830258303
6271,0.616600790513834
6278,0.590322580645161
6279,0.618343195266272
6288,0.585657370517928
6294,0.62
6295,0.612648221343874
6302,0.588
6306,0.636
6322,0.628205128205128
6324,0.592
6327,0.581673306772908
6331,0.6
6334,0.599206349206349
6338,0.633587786259542
6339,0.645418326693227
6362,0.592
6372,0.6
6375,0.56640625
6393,0.599206349206349
6394,0.6
6405,0.590322580645161
6406,0.607142857142857
6416,0.608
6421,0.628205128205128
6422,0.588
6440,0.618343195266272
6457,0.590322580645161
6460,0.629343629343629
6463,0.618343195266272
6474,0.590322580645161
6476,0.584
6477,0.604
6482,0.628205128205128
6488,0.597609561752988
6489,0.588
6494,0.701195219123506
6499,0.595238095238095
6507,0.716
6524,0.64
6527,0.701195219123506
6531,0.652
6536,0.6
6538,0.68
6542,0.607142857142857
6565,0.596
6584,0.644
6588,0.604
6597,0.632
6603,0.618343195266272
6609,0.628205128205128
6613,0.6
6622,0.580392156862745
6630,0.632
6637,0.619607843137255
6639,0.6
6640,0.68
6646,0.64
6647,0.618343195266272
6648,0.618343195266272
6669,0.612
6680,0.728
6681,0.695970695970696
6684,0.8046875
6693,0.638888888888889
6694,0.633466135458167
6704,0.604
6706,0.618343195266272
6710,0.64
6713,0.6
6718,0.644
6732,0.648
6737,0.616
6739,0.672
6742,0.615079365079365
6746,0.565737051792829
6753,0.625498007968127
6771,0.590733590733591
6784,0.550387596899225
6790,0.628205128205128
6795,0.6
6807,0.590551181102362
6808,0.584
6818,0.601593625498008
6823,0.632
6830,0.618343195266272
6831,0.618343195266272
6832,0.568
6836,0.584
6846,0.596
6850,0.644
6854,0.646825396825397
6868,0.628205128205128
6876,0.609561752988048
6877,0.541832669322709
6881,0.632
6882,0.621513944223108
6884,0.571428571428571
6886,0.624
6901,0.632
6910,0.632
6913,0.6
6914,0.617210682492582
6918,0.609550561797753
6930,0.630952380952381
6941,0.604
6944,0.632411067193676
6945,0.569169960474308
6947,0.6
6949,0.590322580645161
6952,0.590322580645161
6963,0.62
6964,0.590322580645161
6972,0.628205128205128
6979,0.646825396825397
6981,0.597609561752988
6988,0.628205128205128
6990,0.597609561752988
6998,0.58
7004,0.632
7016,0.613970588235294
7027,0.656
7042,0.54
7056,0.60077519379845
7061,0.608
7069,0.66
7071,0.568
7088,0.544
7099,0.56
7108,0.616
7121,0.628205128205128
7125,0.6
7136,0.608
7149,0.645418326693227
7150,0.644
7151,0.6
7167,0.624505928853755
7177,0.590322580645161
7178,0.584
7183,0.537254901960784
7186,0.664
7190,0.6
7201,0.59622641509434
7202,0.648
7207,0.633466135458167
7213,0.624505928853755
7224,0.568627450980392
7225,0.549407114624506
7233,0.584
7239,0.596
7246,0.569169960474308
7248,0.561752988047809
7261,0.628205128205128
7264,0.692
7266,0.702380952380952
7274,0.6
7279,0.537254901960784
7293,0.595238095238095
7315,0.638783269961977
7322,0.628
7326,0.590322580645161
7341,0.633466135458167
7363,0.6
7365,0.616
7371,0.544
7377,0.609561752988048
7393,0.618343195266272
7405,0.529644268774704
7410,0.6
7434,0.605577689243028
7438,0.632
7447,0.563492063492063
7450,0.572549019607843
7452,0.585657370517928
7453,0.728346456692913
7455,0.648221343873518
7456,0.648
7457,0.618343195266272
7466,0.6
7470,0.590322580645161
7474,0.637450199203187
7487,0.597609561752988
7488,0.594405594405594
7492,0.596774193548387
7496,0.64
7501,0.5859375
7505,0.576208178438662
7512,0.677290836653386
7526,0.6328125
7536,0.564
7538,0.653061224489796
7539,0.57421875
7544,0.624401913875598
7554,0.6
7564,0.524
7566,0.548
7580,0.612648221343874
7581,0.569721115537849
7584,0.58
7587,0.604
7589,0.578740157480315
7590,0.601593625498008
7594,0.544
7597,0.544
7602,0.610451306413302
7603,0.624
7605,0.581673306772908
7609,0.584
7613,0.6
7619,0.52755905511811
7625,0.523809523809524
7626,0.624401913875598
7636,0.610451306413302
7639,0.610451306413302
7641,0.585657370517928
7643,0.580327868852459
7644,0.608
7657,0.576
7661,0.56420233463035
7666,0.596
7673,0.533864541832669
7683,0.624401913875598
7685,0.585657370517928
7699,0.557768924302789
7704,0.532
7705,0.544
7708,0.588932806324111
7728,0.531496062992126
7733,0.568
7741,0.518248175182482
7743,0.584
7745,0.66
7754,0.516
7756,0.54
7757,0.532
7770,0.604
7773,0.610451306413302
7774,0.552
7776,0.610451306413302
7777,0.647058823529412
7778,0.634920634920635
7781,0.580327868852459
7784,0.584
7789,0.653061224489796
7794,0.601593625498008
7799,0.527777777777778
7801,0.5703125
7818,0.548
7823,0.612
7828,0.588
7832,0.56
7839,0.58
7851,0.58
7856,0.56
7868,0.610451306413302
7869,0.64
7872,0.641434262948207
7874,0.661354581673307
7878,0.596
7888,0.544
7913,0.643137254901961
7923,0.548262548262548
7925,0.624401913875598
7926,0.597609561752988
7938,0.608
7942,0.580327868852459
7945,0.596
7954,0.5625
7963,0.529880478087649
7969,0.581673306772908
7970,0.624401913875598
7977,0.610451306413302
7981,0.604743083003953
7990,0.583333333333333
8020,0.561264822134387
8023,0.632
8025,0.529644268774704
8034,0.624401913875598
8039,0.591269841269841
8046,0.6
8051,0.528
8055,0.644
8060,0.644
8063,0.646825396825397
8073,0.653061224489796
8074,0.632
8076,0.521739130434783
8080,0.604
8088,0.62
8102,0.712
8103,0.653061224489796
8104,0.653061224489796
8105,0.604
8109,0.513618677042802
8115,0.610451306413302
8121,0.523622047244094
8126,0.549800796812749
8135,0.574803149606299
8153,0.546511627906977
8156,0.587301587301587
8160,0.560975609756098
8161,0.555555555555556
8162,0.551587301587302
8171,0.632
8181,0.645418326693227
8183,0.642857142857143
8185,0.542635658914729
8191,0.653061224489796
8203,0.7
8204,0.653061224489796
8207,0.544
8208,0.528
8209,0.532
8210,0.610894941634241
8225,0.58
8226,0.637450199203187
8231,0.585657370517928
8233,0.604
8244,0.635036496350365
8250,0.656
8261,0.653061224489796
8265,0.52
8278,0.640926640926641
8279,0.656
8280,0.572
8296,0.567647058823529
8299,0.581673306772908
8300,0.581673306772908
8301,0.532
8305,0.604
8327,0.616
8334,0.547244094488189
8349,0.636
8355,0.664
8361,0.545816733067729
8362,0.568
8364,0.585657370517928
8365,0.593625498007968
8375,0.624
8378,0.529182879377432
8380,0.531746031746032
8381,0.565737051792829
8387,0.596
8399,0.580327868852459
8402,0.653061224489796
8409,0.62
8433,0.653061224489796
8436,0.5390625
8442,0.575396825396825
8448,0.568
8464,0.657370517928287
8469,0.572
8474,0.584
8478,0.562992125984252
8482,0.58
8490,0.64
8510,0.568
8511,0.612
8527,0.576
8532,0.68
8533,0.624
8538,0.528
8541,0.624
8545,0.58
8553,0.549618320610687
8554,0.548
8555,0.615079365079365
8569,0.608
8586,0.553435114503817
8593,0.642023346303502
8600,0.610451306413302
8606,0.545454545454545
8607,0.649402390438247
8611,0.556
8613,0.517482517482518
8618,0.653061224489796
8630,0.6
8637,0.594594594594595
8650,0.565737051792829
8652,0.58
8661,0.580327868852459
8669,0.616
8673,0.62
8674,0.621513944223108
8678,0.624401913875598
8682,0.658730158730159
8688,0.569948186528497
8689,0.630630630630631
8695,0.62
8698,0.607142857142857
8703,0.62
8709,0.668
8716,0.548
8723,0.642857142857143
8737,0.532
8753,0.601593625498008
8773,0.653061224489796
8774,0.624
8778,0.624401913875598
8786,0.609561752988048
8794,0.580327868852459
8795,0.6
8800,0.688
8804,0.6
8808,0.545454545454545
8809,0.571428571428571
8817,0.610451306413302
8818,0.597609561752988
8825,0.584
8830,0.569721115537849
8833,0.662698412698413
8834,0.621513944223108
8836,0.53968253968254
8837,0.653386454183267
8844,0.676
8851,0.624
8861,0.624401913875598
8864,0.545816733067729
8865,0.653846153846154
8869,0.649402390438247
8873,0.580327868852459
8880,0.593625498007968
8884,0.564
8888,0.58
8889,0.557312252964427
8891,0.580327868852459
8893,0.584
8897,0.6
8905,0.604
8910,0.624401913875598
8918,0.580327868852459
8939,0.626984126984127
8940,0.588
8941,0.589641434262948
8944,0.66
8949,0.576
8950,0.648221343873518
8958,0.548
8967,0.610451306413302
8975,0.568
8979,0.544
8980,0.642857142857143
8991,0.712
8995,0.737051792828685
8996,0.632
8998,0.653061224489796
9000,0.629482071713147
9001,0.53515625
9002,0.545098039215686
9024,0.597609561752988
9026,0.607142857142857
9027,0.548
9034,0.58
9038,0.649606299212598
9050,0.589641434262948
9052,0.556
9054,0.593625498007968
9078,0.653061224489796
9097,0.583333333333333
9109,0.608
9112,0.528
9115,0.657370517928287
9125,0.610451306413302
9132,0.56078431372549
9136,0.565891472868217
9139,0.557768924302789
9140,0.581673306772908
9142,0.584
9143,0.557768924302789
9147,0.521400778210117
9159,0.62
9165,0.576576576576577
9172,0.592
9177,0.613545816733068
9179,0.62
9185,0.588
9196,0.580327868852459
9201,0.596
9209,0.625498007968127
9210,0.58
9212,0.55952380952381
9214,0.552
9240,0.610451306413302
9241,0.531496062992126
9244,0.588
9249,0.688
9250,0.561752988047809
9255,0.601593625498008
9258,0.524
9263,0.628
9266,0.64453125
9269,0.6
9272,0.568
9276,0.580327868852459
9290,0.584
9299,0.656
9303,0.584
9310,0.748
9311,0.604
9314,0.524
9315,0.651026392961877
9325,0.614503816793893
9328,0.584
9329,0.612903225806452
9332,0.610451306413302
9337,0.607565011820331
9353,0.553784860557769
9355,0.584
9356,0.624401913875598
9362,0.544061302681992
9364,0.580327868852459
9366,0.580327868852459
9387,0.610451306413302
9388,0.610451306413302
9396,0.653061224489796
9400,0.630952380952381
9406,0.628
9411,0.612
9416,0.531746031746032
9417,0.653061224489796
9423,0.624401913875598
9425,0.624401913875598
9426,0.549407114624506
9427,0.567460317460317
9429,0.624401913875598
9430,0.558490566037736
9434,0.551724137931034
9442,0.601593625498008
9458,0.576
9476,0.568
9481,0.601593625498008
9483,0.592
9484,0.592
9487,0.653061224489796
9488,0.612
9490,0.616
9502,0.610451306413302
9505,0.650793650793651
9509,0.580327868852459
9515,0.604
9516,0.564
9532,0.56
9539,0.561752988047809
9542,0.567647058823529
9549,0.66
9550,0.548
9553,0.51984126984127
9554,0.557768924302789
9561,0.593625498007968
9566,0.592
9571,0.569721115537849
9577,0.604
9584,0.541832669322709
9592,0.588
9596,0.580327868852459
9602,0.652173913043478
9603,0.616
9604,0.653061224489796
9608,0.653061224489796
9609,0.592
9613,0.5390625
9623,0.645418326693227
9630,0.624401913875598
9633,0.62992125984252
9648,0.645418326693227
9665,0.624401913875598
9668,0.625498007968127
9678,0.58
9679,0.604
9693,0.624401913875598
9718,0.624113475177305
9720,0.592476489028213
9744,0.56
9745,0.644
9746,0.629716981132076
9753,0.636
9758,0.667525773195876
9759,0.564
9763,0.572
9766,0.641434262948207
9767,0.648
9777,0.545098039215686
9781,0.564
9789,0.596
9790,0.56
9799,0.549800796812749
9802,0.652
9805,0.667525773195876
9807,0.525490196078431
9812,0.533864541832669
9818,0.616
9820,0.667525773195876
9822,0.584
9824,0.667525773195876
9834,0.624113475177305
9836,0.608
9847,0.54
9864,0.667525773195876
9869,0.616
9875,0.556
9880,0.623015873015873
9889,0.629716981132076
9894,0.610236220472441
9909,0.667525773195876
9915,0.544
9919,0.516728624535316
9920,0.629716981132076
9940,0.536
9946,0.55511811023622
9958,0.667525773195876
9959,0.645418326693227
9973,0.50996015936255
9976,0.564
9978,0.641434262948207
9982,0.603921568627451
9987,0.604
9988,0.517964071856287
9992,0.548
10000,0.885375494071146
10002,0.503731343283582
10005,0.642857142857143
10008,0.528
10009,0.604
10011,0.548
10021,0.555555555555556
10022,0.667525773195876
10053,0.617529880478088
10074,0.621513944223108
10076,0.581673306772908
10090,0.57421875
10092,0.622047244094488
10099,0.604
10102,0.630952380952381
10103,0.648
10106,0.619047619047619
10108,0.624113475177305
10113,0.592476489028213
10119,0.652
10122,0.52
10125,0.525896414342629
10140,0.585915492957746
10155,0.584
10159,0.62
10164,0.56
10175,0.544
10176,0.556
10178,0.564
10186,0.667525773195876
10200,0.616
10204,0.592476489028213
10206,0.592476489028213
10211,0.593625498007968
10212,0.593625498007968
10217,0.588
10220,0.629716981132076
10230,0.624113475177305
10234,0.527777777777778
10235,0.544
10239,0.630952380952381
10240,0.604
10242,0.62
10245,0.622047244094488
10246,0.57421875
10247,0.648
10250,0.648
10254,0.667525773195876
10257,0.565737051792829
10260,0.572
10261,0.629716981132076
10265,0.64
10273,0.556
10274,0.652
10277,0.513725490196078
10289,0.592476489028213
10290,0.652
10298,0.612648221343874
10301,0.592
10304,0.624113475177305
10305,0.576
10313,0.6
10320,0.624505928853755
10323,0.584
10328,0.568
10332,0.629716981132076
10336,0.624113475177305
10343,0.635294117647059
10348,0.624113475177305
10350,0.533864541832669
10351,0.612
10354,0.630952380952381
10372,0.531746031746032
10373,0.555555555555556
10380,0.614173228346457
10383,0.525691699604743
10396,0.57421875
10397,0.654135338345865
10399,0.627962085308057
10400,0.624454148471616
10401,0.608
10402,0.549019607843137
10403,0.627962085308057
10410,0.623222748815166
10412,0.584
10415,0.604
10424,0.597609561752988
10428,0.528
10432,0.648
10462,0.629716981132076
10477,0.623015873015873
10482,0.649402390438247
10484,0.629482071713147
10493,0.629482071713147
10495,0.556
10497,0.629482071713147
10516,0.552
10521,0.616
10522,0.564
10523,0.548262548262548
10528,0.628
10530,0.576
10532,0.608
10533,0.644
10543,0.592476489028213
10547,0.604
10552,0.645418326693227
10558,0.54
10571,0.6
10572,0.661354581673307
10574,0.66
10583,0.652709359605911
10600,0.537848605577689
10607,0.548262548262548
10608,0.569721115537849
10614,0.616
10630,0.648
10634,0.564
10635,0.592885375494071
10641,0.667525773195876
10643,0.537848605577689
10644,0.629716981132076
10648,0.528
10669,0.636
10675,0.596
10686,0.667525773195876
10704,0.604
10707,0.628
10722,0.630952380952381
10736,0.592476489028213
10764,0.571428571428571
10767,0.624113475177305
10776,0.624
10779,0.617100371747212
10781,0.629482071713147
10792,0.629716981132076
10797,0.54
10798,0.636
10801,0.612
10802,0.6
10805,0.630952380952381
10808,0.623015873015873
10810,0.592476489028213
10816,0.584
10817,0.648
10829,0.592476489028213
10843,0.50185873605948
10858,0.592476489028213
10866,0.648
10876,0.585657370517928
10887,0.544
10891,0.68359375
10896,0.645418326693227
10900,0.544401544401544
10905,0.562992125984252
10907,0.630952380952381
10917,0.701195219123506
10936,0.592476489028213
10947,0.648
10948,0.629716981132076
10951,0.584
10955,0.636
10969,0.553784860557769
10984,0.541832669322709
10987,0.616
10990,0.652
10992,0.592476489028213
10996,0.565737051792829
10997,0.56
10999,0.54
11000,0.667525773195876
11001,0.596837944664032
11010,0.629716981132076
11016,0.624113475177305
11018,0.624113475177305
11034,0.667525773195876
11039,0.563492063492063
11041,0.608
11047,0.548
11053,0.595238095238095
11055,0.677290836653386
11056,0.54
11065,0.531746031746032
11068,0.50199203187251
11070,0.568
11071,0.608
11072,0.54
11079,0.629716981132076
11091,0.62
11094,0.548
11112,0.629716981132076
11113,0.629716981132076
11128,0.537878787878788
11153,0.518796992481203
11154,0.740157480314961
11163,0.576
11179,0.514925373134328
11181,0.524714828897338
11206,0.50965250965251
11216,0.552
11221,0.54
11223,0.585507246376812
11228,0.531835205992509
11235,0.548
11237,0.592476489028213
11244,0.630952380952381
11256,0.516
11267,0.619047619047619
11272,0.592476489028213
11281,0.553784860557769
11285,0.515503875968992
11288,0.629716981132076
11291,0.636
11293,0.596
11297,0.648
11298,0.54296875
11299,0.640316205533597
11301,0.584
11309,0.551587301587302
11331,0.544
11332,0.559055118110236
11337,0.593625498007968
11343,0.624113475177305
11347,0.64
11348,0.520912547528517
11355,0.592476489028213
11368,0.54
11369,0.636
11371,0.629716981132076
11378,0.648
11384,0.62
11387,0.62
11393,0.628
11399,0.547619047619048
11412,0.540540540540541
11431,0.6171875
11432,0.634920634920635
11444,0.592476489028213
11450,0.667525773195876
11451,0.552
11476,0.628
11488,0.576
11495,0.600600600600601
11505,0.501730103806228
11508,0.629955947136564
11518,0.653846153846154
11522,0.644
11524,0.629955947136564
11533,0.653846153846154
11549,0.600600600600601
11551,0.669191919191919
11560,0.634920634920635
11563,0.652173913043478
11565,0.600600600600601
11567,0.636
11569,0.612
11598,0.56
11604,0.54
11611,0.608
11617,0.653763440860215
11626,0.600600600600601
11642,0.552
11643,0.601593625498008
11648,0.584
11651,0.609561752988048
11663,0.629482071713147
11666,0.629955947136564
11685,0.659229208924949
11686,0.5
11698,0.660079051383399
11708,0.572
11711,0.612
11718,0.645418326693227
11742,0.645418326693227
11761,0.56078431372549
11767,0.608
11768,0.609561752988048
11775,0.628
11779,0.600600600600601
11786,0.669191919191919
11790,0.669191919191919
11791,0.585657370517928
11796,0.892857142857143
11806,0.552
11810,0.609561752988048
11811,0.624
11814,0.653846153846154
11816,0.613899613899614
11820,0.54
11822,0.5625
11829,0.608
11832,0.632
11834,0.600600600600601
11836,0.636
11837,0.517509727626459
11844,0.544
11847,0.508896797153025
11864,0.669191919191919
11865,0.562992125984252
11872,0.597609561752988
11873,0.629955947136564
11886,0.65947242206235
11894,0.58498023715415
11905,0.525896414342629
11906,0.662698412698413
11907,0.604
11912,0.620553359683794
11914,0.653306613226453
11918,0.6
11924,0.603112840466926
11929,0.669191919191919
11930,0.609561752988048
11936,0.576
11937,0.599206349206349
11954,0.669172932330827
11957,0.548
11964,0.555882352941176
11968,0.696
11972,0.669191919191919
11976,0.609561752988048
11979,0.617529880478088
11981,0.616
11983,0.609561752988048
11989,0.693227091633466
11991,0.624
11998,0.607142857142857
12003,0.573705179282869
12007,0.612648221343874
12011,0.544
12014,0.564
12024,0.66
12033,0.529880478087649
12034,0.524
12041,0.623015873015873
12046,0.653846153846154
12056,0.548
12064,0.572
12069,0.628
12070,0.636
12071,0.616279069767442
12072,0.531007751937985
12078,0.644
12091,0.557312252964427
12092,0.669191919191919
12094,0.537254901960784
12098,0.628
12103,0.619047619047619
12115,0.669191919191919
12118,0.653846153846154
12122,0.609561752988048
12125,0.629955947136564
12133,0.547619047619048
12137,0.669191919191919
12141,0.632
12143,0.653386454183267
12144,0.629955947136564
12154,0.628
12163,0.58
12170,0.641434262948207
12193,0.632
12196,0.584
12206,0.556420233463035
12209,0.669191919191919
12214,0.569721115537849
12228,0.636363636363636
12233,0.53515625
12238,0.61878453038674
12242,0.622047244094488
12245,0.515625
12247,0.553784860557769
12251,0.605577689243028
12287,0.622047244094488
12292,0.625550660792952
12304,0.604
12317,0.600600600600601
12320,0.669191919191919
12323,0.653846153846154
12328,0.624
12333,0.600600600600601
12334,0.64
12335,0.532
12352,0.629955947136564
12358,0.597609561752988
12364,0.612
12376,0.64
12396,0.604
12402,0.629955947136564
12406,0.569721115537849
12408,0.644
12410,0.600600600600601
12413,0.569721115537849
12417,0.568
12424,0.656
12425,0.641434262948207
12426,0.652
12430,0.603174603174603
12432,0.653846153846154
12433,0.605577689243028
12451,0.672
12457,0.524163568773234
12465,0.669191919191919
12468,0.537549407114625
12474,0.552
12475,0.629955947136564
12486,0.653846153846154
12487,0.569721115537849
12514,0.624
12524,0.653846153846154
12526,0.618110236220472
12530,0.616279069767442
12532,0.701550387596899
12593,0.545816733067729
12599,0.577689243027888
12600,0.608
12603,0.583333333333333
12624,0.669191919191919
12630,0.577689243027888
12638,0.544
12641,0.669191919191919
12643,0.653846153846154
12656,0.565217391304348
12666,0.568
12673,0.629955947136564
12675,0.543307086614173
12678,0.604
12692,0.8828125
12693,0.653846153846154
12707,0.54
12711,0.600600600600601
12716,0.554716981132075
12717,0.653846153846154
12723,0.58
12738,0.632
12742,0.627450980392157
12746,0.608
12753,0.629955947136564
12758,0.629482071713147
12760,0.644
12763,0.604
12764,0.517509727626459
12768,0.612648221343874
12776,0.592
12777,0.623015873015873
12783,0.600600600600601
12804,0.608
12824,0.62
12839,0.572
12847,0.525896414342629
12850,0.629955947136564
12867,0.653846153846154
12883,0.556862745098039
12887,0.615686274509804
12890,0.64
12903,0.525896414342629
12906,0.636
12907,0.692
12909,0.523622047244094
12912,0.584
12915,0.616279069767442
12930,0.527777777777778
12931,0.636
12934,0.573705179282869
12951,0.552
12955,0.6
12973,0.653846153846154
12988,0.641434262948207
12999,0.62890625
13015,0.608
13026,0.517647058823529
13036,0.644
13039,0.603174603174603
13040,0.505882352941176
13041,0.669191919191919
13043,0.653846153846154
13057,0.540856031128405
13064,0.636
13068,0.669191919191919
13069,0.564
13073,0.50996015936255
13079,0.629955947136564
13086,0.644
13089,0.556521739130435
13093,0.624
13097,0.653846153846154
13098,0.508
13105,0.632411067193676
13107,0.52
13108,0.519685039370079
13110,0.624
13112,0.5234375
13114,0.624
13118,0.617529880478088
13127,0.634920634920635
13129,0.628
13142,0.669191919191919
13146,0.653846153846154
13149,0.653846153846154
13157,0.548
13158,0.54
13159,0.536
13161,0.577075098814229
13162,0.592
13166,0.592
13168,0.58
13170,0.614147909967846
13186,0.50199203187251
13191,0.593625498007968
13203,0.576
13209,0.504
13212,0.50199203187251
13213,0.629482071713147
13222,0.569721115537849
13229,0.56
13234,0.588
13257,0.633620689655172
13258,0.611111111111111
13268,0.577689243027888
13270,0.569721115537849
13291,0.529880478087649
13292,0.577689243027888
13299,0.564
13307,0.614147909967846
13309,0.648
13311,0.56
13312,0.589641434262948
13322,0.629482071713147
13324,0.633620689655172
13330,0.548
13338,0.543650793650794
13344,0.50597609561753
13348,0.724
13355,0.508
13365,0.633620689655172
13368,0.524
13370,0.508
13372,0.597609561752988
13377,0.525691699604743
13385,0.614147909967846
13389,0.548
13393,0.6525
13395,0.553359683794466
13404,0.532
13411,0.6
13416,0.569169960474308
13434,0.552
13435,0.593625498007968
13445,0.649402390438247
13446,0.642857142857143
13451,0.618937644341801
13462,0.561752988047809
13464,0.661354581673307
13466,0.576
13471,0.624
13472,0.6525
13477,0.619266055045872
13481,0.52
13484,0.514925373134328
13490,0.633466135458167
13492,0.58
13500,0.503875968992248
13508,0.596
13516,0.665338645418327
13525,0.604
13526,0.633620689655172
13530,0.6
13532,0.641434262948207
13538,0.66
13546,0.56
13548,0.632
13550,0.633620689655172
13551,0.54
13564,0.588
13566,0.619266055045872
13570,0.588
13580,0.56
13585,0.588
13588,0.572
13592,0.633620689655172
13594,0.6
13609,0.53515625
13610,0.531746031746032
13613,0.645418326693227
13625,0.604
13626,0.6525
13639,0.633620689655172
13645,0.614147909967846
13647,0.528
13648,0.552
13652,0.6525
13654,0.6525
13664,0.619266055045872
13673,0.544
13684,0.532
13690,0.648
13693,0.583333333333333
13696,0.50597609561753
13700,0.503968253968254
13701,0.640316205533597
13707,0.592
13713,0.537848605577689
13714,0.516
13716,0.588
13720,0.588
13727,0.576
13733,0.629482071713147
13738,0.524
13757,0.616
13759,0.540441176470588
13761,0.6525
13767,0.5
13782,0.532
13786,0.608
13787,0.50597609561753
13792,0.516
13795,0.561752988047809
13798,0.633620689655172
13807,0.832
13809,0.597609561752988
13811,0.653386454183267
13815,0.585657370517928
13817,0.50187265917603
13818,0.513513513513513
13822,0.564
13824,0.648
13829,0.514814814814815
13832,0.643286573146293
13840,0.594235033259424
13841,0.600431965442765
13868,0.545816733067729
13871,0.633620689655172
13880,0.612
13888,0.589641434262948
13890,0.619266055045872
13891,0.617529880478088
13895,0.612
13907,0.576
13910,0.527777777777778
13912,0.513409961685824
13913,0.565737051792829
13923,0.532
13929,0.585657370517928
13936,0.58
13946,0.503968253968254
13950,0.614147909967846
13951,0.612
13954,0.50199203187251
13958,0.531746031746032
13969,0.596
13980,0.661354581673307
13981,0.633620689655172
13986,0.596
13987,0.664
13989,0.515384615384615
13992,0.51792828685259
13994,0.6525
14001,0.52755905511811
14002,0.552
14004,0.548
14006,0.56
14012,0.517786561264822
14021,0.608
14024,0.556
14045,0.592885375494071
14047,0.544
14057,0.54
14059,0.636363636363636
14060,0.628
14068,0.649402390438247
14070,0.568
14074,0.588
14076,0.529644268774704
14089,0.528
14115,0.525896414342629
14116,0.532
14128,0.596
14131,0.556
14134,0.633620689655172
14137,0.581673306772908
14138,0.613545816733068
14139,0.633620689655172
14152,0.62
14153,0.655
14155,0.6
14156,0.648989898989899
14164,0.524
14165,0.631236442516269
14171,0.645418326693227
14174,0.624505928853755
14181,0.647482014388489
14186,0.50597609561753
14192,0.553784860557769
14201,0.601593625498008
14210,0.619266055045872
14214,0.516
14231,0.53968253968254
14236,0.516728624535316
14241,0.633620689655172
14245,0.568
14249,0.58498023715415
14251,0.614147909967846
14262,0.588
14265,0.7
14267,0.552
14270,0.6525
14276,0.527777777777778
14279,0.716
14281,0.553784860557769
14289,0.553784860557769
14290,0.531835205992509
14293,0.504
14295,0.629757785467128
14297,0.529644268774704
14298,0.619266055045872
14310,0.641434262948207
14312,0.614147909967846
14315,0.619760479041916
14318,0.504
14319,0.503968253968254
14325,0.549407114624506
14331,0.587301587301587
14334,0.652
14341,0.532
14343,0.6525
14344,0.585657370517928
14346,0.588
14347,0.52
14349,0.556
14352,0.51792828685259
14358,0.637450199203187
14361,0.51792828685259
14363,0.553505535055351
14374,0.549800796812749
14376,0.6525
14381,0.547619047619048
14398,0.56
14410,0.632
14412,0.6525
14415,0.619266055045872
14423,0.577689243027888
14425,0.6
14436,0.564
14444,0.545816733067729
14455,0.619266055045872
14465,0.504
14469,0.619266055045872
14471,0.50597609561753
14475,0.517786561264822
14479,0.620553359683794
14480,0.66
14488,0.56
14491,0.619266055045872
14501,0.548
14520,0.541832669322709
14522,0.524
14523,0.54
14537,0.647410358565737
14538,0.544061302681992
14550,0.543650793650794
14561,0.644
14575,0.6525
14586,0.555555555555556
14592,0.6525
14601,0.556
14602,0.633858267716535
14604,0.527777777777778
14606,0.555555555555556
14627,0.604
14641,0.5
14652,0.6
14662,0.572
14665,0.58
14673,0.585657370517928
14675,0.614147909967846
14679,0.604
14683,0.632
14686,0.626984126984127
14705,0.639511201629328
14708,0.588
14709,0.607553366174056
14710,0.664
14715,0.512
14717,0.552
14723,0.568
14725,0.601593625498008
14727,0.541501976284585
14728,0.55952380952381
14735,0.564
14746,0.556
14752,0.633620689655172
14757,0.514925373134328
14762,0.655172413793103
14763,0.632
14797,0.633466135458167
14812,0.653386454183267
14818,0.507462686567164
14825,0.508
14827,0.601593625498008
14829,0.556
14830,0.619266055045872
14837,0.604
14849,0.619266055045872
14863,0.552
14869,0.573705179282869
14882,0.515873015873016
14884,0.555555555555556
14886,0.50996015936255
14888,0.606299212598425
14890,0.548
14904,0.626984126984127
14938,0.606299212598425
14952,0.62
14958,0.532
14963,0.525896414342629
14979,0.508
14980,0.608
14986,0.525896414342629
14988,0.613475177304965
15003,0.52
15006,0.589970501474926
15009,0.589970501474926
15015,0.604
15024,0.516
15030,0.584
15036,0.587257617728532
15038,0.50996015936255
15039,0.589970501474926
15047,0.592727272727273
15049,0.584
15056,0.587257617728532
15068,0.52
15070,0.508
15073,0.524
15081,0.528
15084,0.568
15088,0.592727272727273
15092,0.543650793650794
15095,0.609561752988048
15097,0.6
15098,0.638888888888889
15115,0.549800796812749
15120,0.589970501474926
15126,0.721115537848606
15133,0.568
15143,0.556
15156,0.585454545454545
15164,0.509881422924901
15178,0.568
15198,0.616740088105727
15200,0.525896414342629
15208,0.890977443609023
15214,0.592
15218,0.508
15231,0.636
15238,0.676
15239,0.616
15240,0.624
15249,0.516
15256,0.717131474103586
15260,0.52851711026616
15290,0.587257617728532
15307,0.592727272727273
15308,0.512
15321,0.511811023622047
15323,0.584
15325,0.541832669322709
15342,0.606299212598425
15346,0.616
15349,0.628
15354,0.636
15362,0.564
15379,0.535714285714286
15383,0.51394422310757
15394,0.704
15401,0.504
15405,0.628
15407,0.628
15412,0.532
15413,0.516
15415,0.503968253968254
15427,0.50199203187251
15430,0.528
15436,0.6
15439,0.56
15443,0.606299212598425
15444,0.54
15445,0.592727272727273
15450,0.644
15456,0.587257617728532
15465,0.589970501474926
15466,0.51984126984127
15470,0.508
15474,0.547619047619048
15476,0.636
15482,0.5859375
15492,0.589970501474926
15510,0.50199203187251
15519,0.625498007968127
15523,0.668
15535,0.528
15561,0.592727272727273
15564,0.563492063492063
15566,0.504
15579,0.676
15580,0.565217391304348
15581,0.673306772908366
15587,0.54
15589,0.572
15591,0.54
15597,0.604
15620,0.5
15627,0.616
15636,0.587257617728532
15653,0.552
15662,0.589970501474926
15664,0.593625498007968
15666,0.516
15667,0.685258964143426
15674,0.519083969465649
15692,0.503968253968254
15715,0.652
15736,0.532
15744,0.556
15746,0.66
15758,0.528
15760,0.5
15766,0.52
15767,0.548
15789,0.589970501474926
15810,0.512367491166078
15818,0.512
15820,0.56
15830,0.636
15844,0.716
15850,0.722222222222222
15857,0.51792828685259
15863,0.592920353982301
15869,0.512727272727273
15872,0.62
15873,0.6
15884,0.533864541832669
15885,0.524
15891,0.636
15898,0.62
15900,0.552
15932,0.5
15940,0.617529880478088
15944,0.556
15945,0.58
15963,0.50996015936255
15970,0.636
15977,0.592727272727273
15982,0.685258964143426
15985,0.605577689243028
15995,0.629482071713147
16004,0.544
16005,0.606299212598425
16011,0.542307692307692
16019,0.589970501474926
16021,0.604
16051,0.592727272727273
16065,0.606299212598425
16066,0.544
16076,0.606299212598425
16091,0.612
16094,0.589970501474926
16101,0.540540540540541
16104,0.587257617728532
16113,0.606299212598425
16114,0.54
16115,0.606299212598425
16127,0.509803921568627
16128,0.644
16138,0.512
16139,0.589970501474926
16142,0.621513944223108
16144,0.544
16148,0.547619047619048
16151,0.644
16156,0.572
16165,0.551181102362205
16166,0.7
16179,0.584
16193,0.507936507936508
16196,0.552
16198,0.54
16210,0.54
16232,0.592727272727273
16237,0.558052434456929
16240,0.569721115537849
16252,0.512
16259,0.613545816733068
16262,0.589970501474926
16263,0.62
16270,0.592727272727273
16272,0.568
16290,0.541832669322709
16295,0.591022443890274
16297,0.573122529644269
16299,0.645418326693227
16300,0.532
16302,0.588
16303,0.512
16305,0.579365079365079
16309,0.565217391304348
16312,0.565737051792829
16320,0.587257617728532
16326,0.516
16327,0.629482071713147
16338,0.608
16342,0.672
16346,0.512
16348,0.572
16355,0.548
16356,0.552
16378,0.537549407114625
16382,0.524
16391,0.644
16392,0.62
16395,0.587257617728532
16399,0.604
16403,0.64
16408,0.693227091633466
16413,0.516
16415,0.509505703422053
16417,0.535714285714286
16420,0.632
16431,0.553784860557769
16439,0.567049808429119
16444,0.564
16446,0.8
16451,0.588
16454,0.708
16461,0.511904761904762
16462,0.62
16469,0.648
16484,0.564
16486,0.592307692307692
16487,0.661354581673307
16491,0.552941176470588
16494,0.521739130434783
16507,0.636363636363636
16508,0.503448275862069
16519,0.565217391304348
16523,0.616
16526,0.591269841269841
16530,0.674603174603175
16532,0.533864541832669
16542,0.555984555984556
16550,0.571428571428571
16555,0.56
16558,0.536
16567,0.56
16576,0.612
16579,0.532075471698113
16595,0.556
16598,0.633466135458167
16600,0.684
16604,0.632432432432432
16605,0.651851851851852
16607,0.50390625
16610,0.575396825396825
16612,0.567765567765568
16617,0.524
16625,0.592307692307692
16632,0.651515151515151
16634,0.592885375494071
16650,0.612
16654,0.54
16655,0.559055118110236
16656,0.54
16657,0.612
16660,0.536
16662,0.621693121693122
16669,0.6
16675,0.521235521235521
16676,0.525925925925926
16678,0.628
16679,0.618110236220472
16693,0.64
16701,0.513513513513513
16715,0.696
16722,0.51984126984127
16724,0.553784860557769
16727,0.548
16735,0.698412698412698
16741,0.576
16752,0.712
16758,0.50199203187251
16765,0.565737051792829
16771,0.656126482213439
16785,0.748031496062992
16793,0.51394422310757
16800,0.566539923954373
16805,0.645418326693227
16809,0.732
16820,0.52191235059761
16827,0.524
16830,0.616
16843,0.608414239482201
16847,0.50597609561753
16855,0.591269841269841
16860,0.561538461538462
16862,0.556
16863,0.652
16872,0.76984126984127
16874,0.732
16876,0.54
16893,0.630952380952381
16895,0.592885375494071
16914,0.626459143968872
16917,0.66
16926,0.632
16930,0.56
16931,0.684
16932,0.557768924302789
16934,0.503968253968254
16937,0.608
16941,0.624
16942,0.664179104477612
16957,0.556
16962,0.54
16967,0.51792828685259
16968,0.61025641025641
16972,0.524
16974,0.676
16984,0.650793650793651
16987,0.54
16994,0.608365019011407
16995,0.516
16999,0.705179282868526
17034,0.513833992094862
17038,0.596
17040,0.709163346613546
17050,0.54
17068,0.628
17077,0.616
17079,0.569721115537849
17082,0.52
17085,0.512
17087,0.648
17099,0.511627906976744
17105,0.708
17108,0.542307692307692
17110,0.503597122302158
17111,0.548
17123,0.584558823529412
17124,0.565737051792829
17130,0.523809523809524
17138,0.676
17143,0.619771863117871
17157,0.5
17160,0.51394422310757
17166,0.608
17167,0.52191235059761
17179,0.596153846153846
17180,0.528
17189,0.536
17197,0.593023255813954
17219,0.50199203187251
17223,0.564575645756458
17225,0.572
17229,0.517647058823529
17234,0.652
17235,0.533864541832669
17239,0.564
17242,0.664
17243,0.564
17246,0.543650793650794
17247,0.66
17255,0.51685393258427
17258,0.568265682656827
17260,0.577777777777778
17264,0.525896414342629
17270,0.513833992094862
17271,0.50996015936255
17272,0.624
17285,0.556
17294,0.547619047619048
17297,0.62
17298,0.528
17299,0.656
17306,0.53968253968254
17324,0.66
17326,0.564
17330,0.585657370517928
17345,0.628
17351,0.588
17352,0.632
17372,0.52191235059761
17381,0.50597609561753
17385,0.566929133858268
17388,0.576
17390,0.551587301587302
17392,0.512
17399,0.525896414342629
17404,0.644
17407,0.549800796812749
17408,0.649446494464945
17416,0.508
17418,0.628
17434,0.617977528089888
17438,0.561538461538462
17443,0.613832853025937
17444,0.637450199203187
17453,0.642857142857143
17460,0.628
17467,0.694444444444444
17480,0.632
17488,0.587121212121212
17490,0.556
17493,0.611111111111111
17498,0.704
17503,0.519685039370079
17513,0.615079365079365
17520,0.599250936329588
17525,0.51394422310757
17534,0.649402390438247
17545,0.564
17553,0.596
17554,0.58
17557,0.556
17563,0.51984126984127
17576,0.51984126984127
17577,0.613545816733068
17580,0.53968253968254
17582,0.585657370517928
17596,0.684
17597,0.6
17602,0.58203125
17614,0.525896414342629
17623,0.555555555555556
17624,0.656
17627,0.519685039370079
17628,0.66
17630,0.588
17634,0.663230240549828
17640,0.62
17652,0.597609561752988
17657,0.532
17661,0.523809523809524
17662,0.632
17666,0.652
17682,0.504
17688,0.657492354740061
17693,0.573705179282869
17705,0.596
17711,0.54
17715,0.66
17717,0.556
17721,0.564
17728,0.748
17737,0.628
17745,0.64
17755,0.564
17764,0.504
17774,0.568
17785,0.732
17786,0.552
17789,0.676
17802,0.704
17810,0.545787545787546
17819,0.56
17825,0.54275092936803
17828,0.665338645418327
17833,0.50996015936255
17841,0.558052434456929
17842,0.54
17844,0.512
17849,0.628
17855,0.62
17857,0.53156146179402
17861,0.7
17863,0.512
17868,0.673306772908366
17876,0.508
17882,0.656
17885,0.697211155378486
17893,0.644
17894,0.644
17902,0.525896414342629
17906,0.66
17911,0.597701149425287
17917,0.628
17921,0.522556390977444
17941,0.532818532818533
17945,0.555555555555556
17949,0.525691699604743
17954,0.624
17957,0.657370517928287
17958,0.591439688715953
17960,0.573705179282869
17985,0.573584905660377
18000,0.606177606177606
18002,0.534351145038168
18008,0.732
18014,0.529644268774704
18015,0.62406015037594
18019,0.524
18021,0.621513944223108
18026,0.541528239202658
18029,0.691699604743083
18034,0.507874015748031
18035,0.628
18036,0.56390977443609
18039,0.585551330798479
18066,0.528957528957529
18076,0.596
18089,0.552
18104,0.600790513833992
18110,0.6
18129,0.52191235059761
18131,0.516
18133,0.572
18136,0.716
18148,0.551587301587302
18152,0.898832684824903
18167,0.656
18177,0.516
18178,0.672
18183,0.608
18194,0.513725490196078
18197,0.717054263565892
18213,0.728
18214,0.692
18221,0.672
18227,0.756972111553785
18239,0.745222929936306
18245,0.5
18266,0.552
18267,0.696864111498258
18274,0.696
18283,0.50187265917603
18297,0.724
18302,0.537254901960784
18303,0.546511627906977
18315,0.636
18324,0.722222222222222
18326,0.576
18334,0.571428571428571
18336,0.697211155378486
18344,0.577689243027888
18346,0.628
18347,0.504
18350,0.650793650793651
18352,0.573705179282869
18364,0.521400778210117
18366,0.636
18373,0.545098039215686
18391,0.541501976284585
18393,0.604
18395,0.604
18400,0.569721115537849
18408,0.619047619047619
18421,0.625498007968127
18425,0.625498007968127
18443,0.724
18451,0.567460317460317
18456,0.605577689243028
18458,0.587121212121212
18460,0.725099601593626
18467,0.616600790513834
18468,0.52
18475,0.611111111111111
18485,0.756972111553785
18494,0.534722222222222
18495,0.64963503649635
18508,0.58
18530,0.625498007968127
18533,0.612
18547,0.52
18548,0.648
18553,0.725099601593626
18561,0.64
18565,0.681208053691275
18572,0.669322709163347
18593,0.688
18600,0.525896414342629
18621,0.612
18629,0.71875
18637,0.656
18649,0.66
18653,0.512
18660,0.629482071713147
18671,0.541832669322709
18672,0.744274809160305
18677,0.50996015936255
18681,0.737201365187713
18684,0.737201365187713
18686,0.51984126984127
18689,0.596
18690,0.525896414342629
18709,0.6
18716,0.719844357976654
18723,0.569721115537849
18773,0.5
18782,0.6
18797,0.730538922155689
18810,0.68
18817,0.54
18820,0.64963503649635
18825,0.718253968253968
18837,0.585657370517928
18850,0.6
18857,0.607003891050584
18861,0.575757575757576
18867,0.568
18870,0.51792828685259
18877,0.715953307392996
18887,0.5
18898,0.588
18900,0.587301587301587
18914,0.588
18921,0.735395189003436
18922,0.525896414342629
18945,0.528
18947,0.551181102362205
18953,0.532
18954,0.696
18957,0.516
18960,0.541176470588235
18973,0.625498007968127
18983,0.66023166023166
18990,0.52
18991,0.552
18993,0.629482071713147
18995,0.525896414342629
18996,0.6
19003,0.533864541832669
19014,0.508
19015,0.562992125984252
19019,0.592885375494071
19028,0.52
19038,0.653992395437262
19040,0.59622641509434
19046,0.641434262948207
19051,0.724
19054,0.678787878787879
19056,0.565217391304348
19074,0.62
19085,0.572
19099,0.705882352941177
19124,0.517374517374517
19134,0.52191235059761
19141,0.712
19146,0.569811320754717
19150,0.568
19170,0.656
19176,0.625498007968127
19187,0.601593625498008
19189,0.6
19202,0.6
19208,0.608
19209,0.689243027888446
19210,0.6996699669967
19216,0.624
19217,0.6
19218,0.544
19223,0.562992125984252
19240,0.724
19246,0.578947368421053
19269,0.644
19275,0.555555555555556
19287,0.604
19298,0.604743083003953
19303,0.58
19313,0.532818532818533
19325,0.718146718146718
19326,0.681274900398406
19328,0.597609561752988
19330,0.672
19340,0.513618677042802
19342,0.545816733067729
19343,0.58
19344,0.532
19363,0.692
19364,0.588
19371,0.746153846153846
19376,0.532
19377,0.672
19381,0.556
19384,0.609375
19390,0.574912891986063
19402,0.624
19405,0.584
19409,0.628
19418,0.51394422310757
19429,0.690036900369004
19446,0.50996015936255
19458,0.54
19460,0.62992125984252
19462,0.588815789473684
19465,0.648
19472,0.589147286821705
19480,0.625498007968127
19503,0.634980988593156
19507,0.529644268774704
19517,0.688
19533,0.525490196078431
19537,0.577075098814229
19541,0.648
19563,0.52191235059761
19566,0.729083665338645
19568,0.729083665338645
19576,0.608
19591,0.612
19597,0.714285714285714
19619,0.536
19622,0.645614035087719
19623,0.633858267716535
19624,0.615079365079365
19627,0.616
19629,0.50197628458498
19633,0.628
19639,0.748
19641,0.657370517928287
19643,0.602272727272727
19649,0.577689243027888
19652,0.692307692307692
19657,0.684
19660,0.6
19668,0.732558139534884
19678,0.624521072796935
19686,0.603921568627451
19690,0.744
19694,0.608
19695,0.584
19702,0.528735632183908
19712,0.732558139534884
19720,0.644688644688645
19735,0.612648221343874
19739,0.652
19740,0.59765625
19743,0.668
19750,0.508
19752,0.623529411764706
19754,0.619607843137255
19762,0.649122807017544
19770,0.7
19775,0.541832669322709
19777,0.64
19782,0.66
19783,0.596837944664032
19786,0.608695652173913
19805,0.58102766798419
19808,0.521739130434783
19819,0.549800796812749
19821,0.66
19827,0.536
19830,0.505836575875486
19832,0.55511811023622
19833,0.608
19834,0.673306772908366
19843,0.625498007968127
19844,0.744
19846,0.668
19847,0.66
19850,0.728
19851,0.700787401574803
19861,0.517647058823529
19873,0.740740740740741
19878,0.654901960784314
19886,0.641434262948207
19892,0.581673306772908
19901,0.625498007968127
19902,0.740131578947368
19920,0.536
19921,0.664
19922,0.624
19929,0.691860465116279
19932,0.681159420289855
19935,0.66
19936,0.636
19946,0.728
19950,0.70059880239521
19952,0.54
19955,0.648275862068965
19976,0.54
19983,0.607142857142857
19987,0.68
19991,0.582706766917293
19996,0.541832669322709
20007,0.659090909090909
20015,0.643137254901961
20019,0.705179282868526
20023,0.573705179282869
20034,0.578125
20036,0.668
20038,0.6
20039,0.644787644787645
20040,0.633858267716535
20045,0.646258503401361
20046,0.5703125
20048,0.637450199203187
20060,0.643835616438356
20068,0.6171875
20074,0.745247148288973
20111,0.54
20117,0.724
20125,0.66
20129,0.549407114624506
20134,0.656
20135,0.668
20139,0.623015873015873
20142,0.691176470588235
20147,0.64
20154,0.728
20157,0.725099601593626
20169,0.784615384615385
20179,0.709163346613546
20202,0.540229885057471
20207,0.58974358974359
20215,0.545816733067729
20216,0.721611721611722
20217,0.651245551601424
20218,0.647058823529412
20219,0.541832669322709
20226,0.624
20236,0.685258964143426
20239,0.708
20246,0.672
20247,0.53030303030303
20253,0.552529182879377
20255,0.745019920318725
20268,0.613545816733068
20270,0.692883895131086
20271,0.641434262948207
20279,0.661596958174905
20282,0.6415770609319
20295,0.684
20302,0.541353383458647
20305,0.53639846743295
20306,0.641509433962264
20308,0.668
20330,0.6
20335,0.729083665338645
20344,0.565737051792829
20349,0.641891891891892
20360,0.617529880478088
20362,0.577689243027888
20378,0.608
20394,0.7
20397,0.738636363636364
20403,0.611764705882353
20405,0.589147286821705
20415,0.604
20417,0.63921568627451
20420,0.606299212598425
20425,0.644128113879004
20430,0.690036900369004
20435,0.536
20443,0.621513944223108
20446,0.644927536231884
20458,0.619607843137255
20459,0.545454545454545
20467,0.548262548262548
20470,0.729083665338645
20482,0.51394422310757
20489,0.549800796812749
20495,0.652
20496,0.58
20497,0.513725490196078
20505,0.643097643097643
20509,0.738636363636364
20535,0.648
20539,0.646853146853147
20544,0.50996015936255
20547,0.584
20556,0.766798418972332
20557,0.574712643678161
20575,0.579766536964981
20577,0.577689243027888
20596,0.563492063492063
20597,0.647272727272727
20602,0.616
20603,0.6015625
20609,0.693181818181818
20618,0.648
20621,0.509881422924901
20628,0.654901960784314
20634,0.744360902255639
20637,0.612648221343874
20641,0.628458498023715
20642,0.729083665338645
20647,0.612
20655,0.62992125984252
20656,0.697211155378486
20661,0.668
20664,0.728
20674,0.690036900369004
20679,0.561752988047809
20680,0.578125
20683,0.735483870967742
20687,0.698412698412698
20688,0.590909090909091
20695,0.696
20696,0.652
20699,0.696
20701,0.752
20702,0.545454545454545
20704,0.656
20721,0.664
20725,0.691699604743083
20731,0.605577689243028
20741,0.6015625
20742,0.691699604743083
20753,0.535849056603774
20756,0.724
20769,0.748
20771,0.613545816733068
20774,0.59765625
20777,0.613545816733068
20781,0.601593625498008
20797,0.565891472868217
20808,0.693227091633466
20810,0.584
20820,0.770750988142292
20823,0.619402985074627
20829,0.636363636363636
20832,0.623015873015873
20833,0.684
20837,0.664
20838,0.552
20839,0.66
20847,0.515748031496063
20861,0.65625
20869,0.716911764705882
20875,0.725099601593626
20877,0.643109540636042
20889,0.652
20894,0.545454545454545
20901,0.62
20919,0.514563106796116
20923,0.668
20935,0.59
20937,0.684
20939,0.637010676156584
20940,0.62
20943,0.684
20946,0.624505928853755
20950,0.626984126984127
20961,0.699708454810496
20965,0.617529880478088
20967,0.732558139534884
20969,0.577519379844961
20970,0.633466135458167
20975,0.581673306772908
20987,0.656
20995,0.551724137931034
20998,0.719844357976654
21002,0.756
21012,0.549242424242424
21013,0.574803149606299
21015,0.645418326693227
21017,0.578125
21020,0.719367588932806
21028,0.617529880478088
21031,0.54
21036,0.688
21040,0.689243027888446
21048,0.549800796812749
21049,0.660079051383399
21051,0.617529880478088
21070,0.594488188976378
21072,0.55511811023622
21079,0.652
21090,0.632
21093,0.556
21104,0.764
21114,0.624
21117,0.583333333333333
21120,0.718253968253968
21121,0.696
21132,0.717131474103586
21136,0.56
21139,0.602362204724409
21140,0.615079365079365
21146,0.632
21150,0.73828125
21178,0.688311688311688
21180,0.65034965034965
21198,0.645418326693227
21203,0.617529880478088
21210,0.616
21218,0.669322709163347
21220,0.641434262948207
21222,0.717131474103586
21228,0.691318327974277
21236,0.571428571428571
21239,0.724
21260,0.644
21267,0.544747081712062
21271,0.684
21279,0.585657370517928
21286,0.744
21288,0.644
21294,0.594488188976378
21298,0.717131474103586
21299,0.656
21300,0.505454545454545
21304,0.708661417322835
21307,0.593625498007968
21309,0.713147410358566
21311,0.62
21331,0.716
21332,0.712062256809339
21342,0.56
21345,0.596
21348,0.652920962199313
21353,0.628
21357,0.564
21369,0.576
21370,0.628
21371,0.589641434262948
21373,0.796812749003984
21385,0.636
21392,0.545816733067729
21401,0.602272727272727
21403,0.566929133858268
21406,0.681159420289855
21413,0.691318327974277
21414,0.691318327974277
21416,0.690553745928339
21423,0.681003584229391
21442,0.518518518518518
21443,0.576470588235294
21448,0.633466135458167
21459,0.582677165354331
21467,0.638888888888889
21474,0.632
21484,0.676156583629893
21488,0.696
21495,0.745019920318725
21498,0.653543307086614
21502,0.56
21503,0.576
21510,0.585657370517928
21516,0.690789473684211
21533,0.639344262295082
21535,0.647058823529412
21539,0.529209621993127
21541,0.644
21544,0.58
21554,0.617529880478088
21569,0.644
21572,0.566787003610108
21578,0.658730158730159
21580,0.636
21584,0.752
21589,0.701149425287356
21595,0.718253968253968
21598,0.713147410358566
21599,0.706349206349206
21606,0.628
21623,0.692
21639,0.58
21641,0.641434262948207
21645,0.716
21647,0.66
21648,0.656
21657,0.58
21671,0.632
21673,0.532075471698113
21678,0.635294117647059
21696,0.551587301587302
21699,0.648
21700,0.732
21703,0.584
21710,0.669322709163347
21721,0.568
21727,0.676
21728,0.567460317460317
21731,0.648648648648649
21741,0.632
21744,0.644
21748,0.716
21753,0.652
21756,0.60377358490566
21763,0.644
21767,0.563380281690141
21772,0.681159420289855
21774,0.676
21775,0.641434262948207
21780,0.609561752988048
21787,0.632
21805,0.708
21828,0.619047619047619
21831,0.682539682539683
21837,0.707509881422925
21842,0.692
21849,0.716
21856,0.624
21858,0.668
21862,0.616
21864,0.716
21867,0.664
21879,0.653386454183267
21881,0.664
21883,0.632
21891,0.7
21892,0.624
21902,0.578740157480315
21909,0.645418326693227
21914,0.524528301886792
21918,0.727272727272727
21919,0.72
21926,0.597609561752988
21930,0.577358490566038
21934,0.606299212598425
21940,0.716
21945,0.584
21948,0.60327868852459
21953,0.72265625
21954,0.576208178438662
21956,0.652
21963,0.586092715231788
21970,0.6171875
21984,0.718253968253968
21997,0.652
21999,0.584
22001,0.7
22002,0.584313725490196
22010,0.728
22013,0.724
22022,0.732
22024,0.724
22028,0.74
22029,0.648936170212766
22045,0.728
22049,0.636363636363636
22064,0.531835205992509
22069,0.716
22074,0.638132295719844
22082,0.728
22084,0.624
22090,0.678966789667897
22096,0.565737051792829
22100,0.68
22105,0.704
22119,0.652
22130,0.708
22152,0.601593625498008
22155,0.601593625498008
22164,0.741035856573705
22173,0.646825396825397
22194,0.628
22209,0.696
22217,0.616
22220,0.645418326693227
22222,0.622754491017964
22244,0.757936507936508
22245,0.641434262948207
22250,0.619607843137255
22256,0.616766467065868
22261,0.62202380952381
22264,0.656126482213439
22270,0.616
22279,0.576923076923077
22280,0.728
22284,0.732
22288,0.672
22293,0.616
22297,0.661596958174905
22307,0.570397111913357
22310,0.692
22319,0.565737051792829
22324,0.715415019762846
22326,0.583011583011583
22327,0.672
22329,0.704
22331,0.591269841269841
22340,0.569343065693431
22342,0.564
22347,0.652
22351,0.672
22357,0.7
22361,0.644
22371,0.716
22373,0.611842105263158
22391,0.636
22404,0.652
22409,0.563492063492063
22411,0.664
22428,0.704
22436,0.716
22444,0.536
22445,0.661354581673307
22451,0.704
22463,0.714285714285714
22464,0.732
22467,0.676470588235294
22472,0.621513944223108
22485,0.673992673992674
22497,0.638888888888889
22504,0.656603773584906
22508,0.66
22516,0.713147410358566
22522,0.717647058823529
22527,0.577689243027888
22543,0.603921568627451
22549,0.716
22551,0.568
22557,0.622047244094488
22562,0.724409448818898
22567,0.696
22572,0.696
22575,0.616
22578,0.652
22579,0.668
22580,0.716
22581,0.74
22591,0.629482071713147
22593,0.728
22597,0.696
22600,0.602076124567474
22602,0.612648221343874
22603,0.605577689243028
22616,0.572
22617,0.709163346613546
22622,0.693227091633466
22623,0.68503937007874
22624,0.601398601398601
22628,0.605577689243028
22640,0.652
22641,0.697211155378486
22653,0.64
22660,0.615079365079365
22672,0.571428571428571
22674,0.692
22689,0.609561752988048
22698,0.716
22705,0.644
22709,0.653429602888087
22711,0.712
22714,0.578181818181818
22715,0.72
22729,0.567460317460317
22730,0.619047619047619
22733,0.662698412698413
22750,0.756
22754,0.555555555555556
22756,0.648
22758,0.542124542124542
22767,0.536
22768,0.653386454183267
22769,0.587301587301587
22776,0.593155893536122
22778,0.736
22780,0.60546875
22789,0.590551181102362
22797,0.575396825396825
22799,0.645418326693227
22814,0.736
22818,0.688
22821,0.6
22823,0.578740157480315
22841,0.744
22847,0.688
22848,0.601593625498008
22862,0.72
22875,0.676470588235294
22877,0.617529880478088
22887,0.66
22892,0.580152671755725
22899,0.669322709163347
22901,0.642857142857143
22907,0.646825396825397
22909,0.57957957957958
22926,0.601593625498008
22927,0.636
22930,0.624
22934,0.630350194552529
22937,0.62
22939,0.585760517799353
22949,0.6328125
22951,0.577689243027888
22955,0.616
22965,0.585760517799353
22966,0.585760517799353
22968,0.577689243027888
22972,0.585760517799353
22975,0.585760517799353
22981,0.64
22988,0.585760517799353
22994,0.616
22996,0.57957957957958
23011,0.622754491017964
23028,0.585760517799353
23031,0.616
23035,0.604
23038,0.577689243027888
23042,0.622754491017964
23049,0.596
23051,0.585760517799353
23053,0.669322709163347
23057,0.577689243027888
23058,0.577689243027888
23063,0.624
23064,0.608
23067,0.609561752988048
23071,0.644
23075,0.585760517799353
23077,0.622754491017964
23090,0.624
23094,0.57957957957958
23097,0.619047619047619
23103,0.629482071713147
23107,0.585760517799353
23117,0.604
23122,0.636
23124,0.584
23126,0.622754491017964
23129,0.622754491017964
23136,0.585760517799353
23141,0.617529880478088
23142,0.622754491017964
23147,0.619607843137255
23154,0.577689243027888
23159,0.604
23165,0.577689243027888
23171,0.585760517799353
23173,0.768
23175,0.62
23179,0.585760517799353
23182,0.577689243027888
23185,0.577689243027888
23188,0.625498007968127
23189,0.604
23209,0.624
23214,0.622754491017964
23215,0.62
23233,0.613545816733068
23241,0.585760517799353
23252,0.632
23255,0.585760517799353
23263,0.632
23281,0.644
23282,0.619230769230769
23289,0.569230769230769
23292,0.590163934426229
23296,0.624
23297,0.675889328063241
23301,0.656
23302,0.57957957957958
23304,0.64453125
23309,0.632
23312,0.585760517799353
23316,0.608
23321,0.614173228346457
23342,0.628
23344,0.596
23350,0.624
23367,0.606811145510836
23368,0.648
23374,0.642857142857143
23387,0.58
23389,0.606811145510836
23399,0.633466135458167
23403,0.584
23406,0.606811145510836
23414,0.584615384615385
23415,0.608695652173913
23419,0.623693379790941
23436,0.608
23439,0.623693379790941
23444,0.606811145510836
23445,0.629482071713147
23455,0.581673306772908
23469,0.656
23472,0.644
23477,0.652
23478,0.606811145510836
23479,0.630952380952381
23487,0.616
23490,0.612
23491,0.6
23492,0.529968454258675
23494,0.606299212598425
23496,0.596837944664032
23497,0.604
23506,0.609375
23515,0.616
23528,0.628
23532,0.592885375494071
23549,0.604
23551,0.588
23552,0.589147286821705
23555,0.633466135458167
23556,0.641434262948207
23564,0.624505928853755
23583,0.616
23592,0.606811145510836
23597,0.633962264150943
23601,0.674603174603175
23605,0.623693379790941
23615,0.632
23619,0.633466135458167
23621,0.624505928853755
23626,0.606811145510836
23635,0.624505928853755
23637,0.62
23640,0.616
23646,0.638888888888889
23655,0.624
23672,0.58102766798419
23673,0.616
23682,0.636
23683,0.606811145510836
23699,0.644
23704,0.633962264150943
23707,0.624505928853755
23713,0.605577689243028
23714,0.597609561752988
23716,0.606811145510836
23718,0.606811145510836
23721,0.649606299212598
23735,0.66
23737,0.608
23744,0.604651162790698
23749,0.633962264150943
23755,0.6015625
23769,0.624505928853755
23772,0.606811145510836
23773,0.795275590551181
23774,0.633962264150943
23779,0.693227091633466
23782,0.633962264150943
23793,0.633962264150943
23803,0.623693379790941
23828,0.633962264150943
23833,0.623693379790941
23834,0.592885375494071
23844,0.628
23845,0.624505928853755
23852,0.592
23855,0.606811145510836
23867,0.633466135458167
23872,0.606811145510836
23874,0.606811145510836
23880,0.656
23886,0.609375
23898,0.624
23900,0.656
23903,0.684
23907,0.611111111111111
23908,0.650980392156863
23912,0.656
23916,0.597609561752988
23917,0.606811145510836
23918,0.633466135458167
23922,0.607692307692308
23928,0.632411067193676
23940,0.633962264150943
23944,0.596899224806202
23945,0.623693379790941
23951,0.648
23966,0.632
23970,0.585820895522388
23971,0.621513944223108
23976,0.633962264150943
23980,0.673306772908366
23987,0.633962264150943
23988,0.668
23993,0.628
23997,0.586614173228346
23998,0.636363636363636
23999,0.606811145510836
24010,0.624505928853755
24015,0.633962264150943
24023,0.628
24033,0.609561752988048
24046,0.623693379790941
24060,0.6
24062,0.625498007968127
24065,0.633962264150943
24070,0.606811145510836
24071,0.72
24073,0.591911764705882
24079,0.637450199203187
24082,0.633962264150943
24084,0.611111111111111
24089,0.604
24094,0.632
24100,0.62
24105,0.637450199203187
24106,0.61003861003861
24108,0.624505928853755
24111,0.624505928853755
24120,0.59765625
24125,0.629482071713147
24134,0.624505928853755
24140,0.608695652173913
24151,0.69047619047619
24153,0.66
24154,0.606811145510836
24161,0.608
24166,0.638888888888889
24170,0.633962264150943
24176,0.587301587301587
24182,0.624505928853755
24188,0.656
24190,0.612
24201,0.624505928853755
24211,0.628
24215,0.624505928853755
24216,0.623693379790941
24219,0.628
24222,0.633962264150943
24240,0.686648501362398
24243,0.592
24245,0.621513944223108
24251,0.645418326693227
24256,0.652291105121294
24258,0.625
24261,0.549407114624506
24263,0.573705179282869
24264,0.596
24266,0.628
24273,0.535714285714286
24278,0.625
24289,0.686648501362398
24292,0.62
24293,0.628
24298,0.666666666666667
24299,0.575875486381323
24303,0.652291105121294
24304,0.549800796812749
24305,0.589641434262948
24329,0.624
24341,0.633466135458167
24345,0.674740484429066
24353,0.66
24358,0.674740484429066
24364,0.605095541401274
24367,0.619047619047619
24370,0.618421052631579
24377,0.567164179104478
24380,0.613545816733068
24381,0.583333333333333
24387,0.656
24391,0.648
24409,0.674740484429066
24413,0.6
24416,0.596
24427,0.66025641025641
24439,0.7
24443,0.56
24448,0.577075098814229
24454,0.652291105121294
24455,0.575396825396825
24461,0.598425196850394
24464,0.574803149606299
24468,0.644
24469,0.545098039215686
24501,0.605577689243028
24508,0.624505928853755
24519,0.590551181102362
24520,0.652291105121294
24538,0.686648501362398
24540,0.674740484429066
24550,0.629482071713147
24552,0.563492063492063
24561,0.623076923076923
24577,0.674740484429066
24579,0.613545816733068
24580,0.592
24582,0.605577689243028
24591,0.634980988593156
24592,0.588
24599,0.583333333333333
24602,0.628
24606,0.564
24617,0.632
24619,0.62890625
24630,0.746031746031746
24633,0.686648501362398
24634,0.592
24638,0.625498007968127
24641,0.633204633204633
24644,0.585657370517928
24645,0.666666666666667
24656,0.643410852713178
24661,0.615686274509804
24663,0.666666666666667
24667,0.593625498007968
24669,0.652291105121294
24682,0.608
24698,0.625498007968127
24699,0.686648501362398
24702,0.613545816733068
24703,0.674740484429066
24717,0.568
24724,0.666666666666667
24731,0.629482071713147
24737,0.589641434262948
24740,0.5859375
24743,0.628
24744,0.666666666666667
24755,0.674740484429066
24757,0.596
24765,0.652291105121294
24766,0.604
24776,0.666666666666667
24787,0.666666666666667
24789,0.632
24791,0.756
24792,0.588932806324111
24804,0.784860557768924
24812,0.6
24816,0.553846153846154
24817,0.587301587301587
24820,0.595238095238095
24828,0.625498007968127
24832,0.629482071713147
24836,0.594488188976378
24842,0.686648501362398
24846,0.592
24847,0.624521072796935
24848,0.674740484429066
24851,0.674740484429066
24855,0.666666666666667
24856,0.6015625
24871,0.674740484429066
24874,0.621513944223108
24877,0.604
24889,0.575396825396825
24897,0.612
24899,0.674740484429066
24908,0.623015873015873
24913,0.652291105121294
24923,0.567460317460317
24933,0.593625498007968
24971,0.633858267716535
24973,0.674740484429066
24993,0.666666666666667
24998,0.652291105121294
25000,0.686648501362398
25001,0.686648501362398
25002,0.588
25003,0.674740484429066
25009,0.628
25024,0.612
25026,0.608
25027,0.661870503597122
25034,0.631578947368421
25050,0.628
25057,0.632
25067,0.609561752988048
25075,0.656
25081,0.51394422310757
25085,0.541832669322709
25093,0.648
25097,0.592
25103,0.595238095238095
25104,0.662679425837321
25109,0.604
25112,0.627306273062731
25113,0.66
25114,0.581673306772908
25119,0.594594594594595
25121,0.576
25122,0.56
25124,0.673239436619718
25131,0.548
25134,0.606299212598425
25144,0.607142857142857
25147,0.696022727272727
25148,0.696022727272727
25149,0.584
25155,0.673239436619718
25169,0.55952380952381
25177,0.661870503597122
25178,0.588
25179,0.595238095238095
25180,0.661870503597122
25191,0.692832764505119
25199,0.571428571428571
25232,0.557620817843866
25241,0.533864541832669
25242,0.582677165354331
25243,0.593283582089552
25246,0.612
25259,0.661870503597122
25265,0.692832764505119
25278,0.692832764505119
25280,0.6015625
25284,0.536
25286,0.696022727272727
25288,0.593283582089552
25318,0.673239436619718
25330,0.692832764505119
25333,0.656
25339,0.657370517928287
25340,0.661870503597122
25346,0.652
25349,0.692832764505119
25351,0.644
25361,0.661870503597122
25366,0.604
25368,0.692832764505119
25369,0.66
25370,0.696022727272727
25375,0.801587301587302
25376,0.673239436619718
25377,0.674603174603175
25379,0.628
25382,0.692832764505119
25386,0.696022727272727
25389,0.696022727272727
25399,0.653386454183267
25400,0.693877551020408
25401,0.595419847328244
25407,0.552941176470588
25409,0.564
25412,0.588588588588589
25416,0.5625
25418,0.537848605577689
25423,0.528
25436,0.589641434262948
25439,0.662745098039216
25442,0.664
25445,0.673239436619718
25446,0.561752988047809
25453,0.585657370517928
25456,0.692832764505119
25458,0.692832764505119
25460,0.536
25461,0.601593625498008
25468,0.588235294117647
25470,0.656
25471,0.594594594594595
25482,0.577075098814229
25501,0.661870503597122
25504,0.661870503597122
25515,0.616
25518,0.528
25528,0.528
25533,0.607142857142857
25543,0.552
25548,0.552
25564,0.604
25572,0.692832764505119
25576,0.656
25577,0.696022727272727
25587,0.725099601593626
25591,0.56
25596,0.609561752988048
25598,0.620553359683794
25617,0.668
25618,0.673239436619718
25620,0.585657370517928
25623,0.58
25626,0.591269841269841
25628,0.581673306772908
25633,0.673239436619718
25637,0.6
25644,0.585551330798479
25662,0.58102766798419
25663,0.62781954887218
25673,0.552
25678,0.557768924302789
25685,0.58
25691,0.582677165354331
25706,0.584
25707,0.56
25723,0.577689243027888
25725,0.649402390438247
25735,0.661870503597122
25740,0.592885375494071
25759,0.588
25761,0.597701149425287
25769,0.656
25774,0.606299212598425
25779,0.696022727272727
25781,0.556
25784,0.661870503597122
25790,0.692832764505119
25796,0.592
25816,0.630952380952381
25847,0.571428571428571
25850,0.557312252964427
25852,0.5625
25856,0.613545816733068
25866,0.56
25867,0.673239436619718
25868,0.591269841269841
25869,0.673239436619718
25877,0.694158075601375
25878,0.597609561752988
25890,0.696022727272727
25898,0.673239436619718
25899,0.58498023715415
25906,0.692832764505119
25907,0.692832764505119
25915,0.696022727272727
25932,0.692832764505119
25939,0.549407114624506
25946,0.673239436619718
25951,0.661870503597122
25959,0.692832764505119
25961,0.656
25964,0.673239436619718
25969,0.597609561752988
25980,0.608
25986,0.5859375
25992,0.596837944664032
25998,0.553784860557769
26000,0.673239436619718
26006,0.588
26009,0.584313725490196
26016,0.673239436619718
26023,0.664251207729469
26038,0.692832764505119
26041,0.586614173228346
26050,0.615079365079365
26051,0.692832764505119
26057,0.55952380952381
26060,0.753968253968254
26062,0.583333333333333
26067,0.692832764505119
26068,0.597701149425287
26072,0.604
26074,0.64
26075,0.656
26081,0.673239436619718
26108,0.673239436619718
26112,0.661870503597122
26113,0.56
26115,0.589147286821705
26122,0.600760456273764
26139,0.736
26162,0.692832764505119
26165,0.609561752988048
26173,0.6
26177,0.661870503597122
26179,0.646825396825397
26184,0.636
26190,0.588
26204,0.596
26205,0.9
26212,0.567460317460317
26215,0.604
26227,0.56390977443609
26232,0.664021164021164
26237,0.649006622516556
26246,0.58
26248,0.65695067264574
26249,0.551587301587302
26260,0.649006622516556
26263,0.588
26267,0.65695067264574
26269,0.658730158730159
26271,0.65695067264574
26273,0.58
26286,0.649006622516556
26297,0.581749049429658
26309,0.568
26313,0.584
26319,0.549800796812749
26329,0.56
26330,0.65695067264574
26333,0.568
26361,0.656179775280899
26366,0.65695067264574
26376,0.652317880794702
26378,0.649006622516556
26382,0.604
26389,0.53968253968254
26391,0.590551181102362
26401,0.58
26415,0.603174603174603
26419,0.58
26421,0.65695067264574
26422,0.668
26423,0.65695067264574
26424,0.65695067264574
26441,0.532
26442,0.603174603174603
26446,0.612648221343874
26447,0.664
26448,0.576
26451,0.522900763358779
26459,0.608
26465,0.567049808429119
26476,0.616
26481,0.6
26487,0.649006622516556
26501,0.572
26513,0.65695067264574
26517,0.56
26527,0.664021164021164
26534,0.65695067264574
26535,0.65695067264574
26545,0.652
26550,0.58984375
26558,0.545454545454545
26571,0.64128256513026
26573,0.64128256513026
26575,0.54
26578,0.64128256513026
26583,0.61864406779661
26590,0.556
26593,0.569721115537849
26602,0.558490566037736
26606,0.549800796812749
26613,0.648535564853556
26615,0.556
26618,0.601593625498008
26628,0.648535564853556
26630,0.601593625498008
26635,0.619047619047619
26645,0.581673306772908
26648,0.556
26651,0.66
26660,0.557251908396947
26663,0.632411067193676
26664,0.589090909090909
26665,0.550387596899225
26673,0.58498023715415
26675,0.576
26676,0.60431654676259
26677,0.58
26679,0.6328125
26687,0.631889763779528
26689,0.626865671641791
26697,0.575492341356674
26737,0.64128256513026
26747,0.615960099750623
26748,0.544
26749,0.53125
26754,0.615960099750623
26759,0.553359683794466
26760,0.64128256513026
26765,0.626984126984127
26769,0.567669172932331
26771,0.66
26776,0.58
26778,0.576642335766423
26780,0.551587301587302
26783,0.593625498007968
26785,0.532
26800,0.644
26804,0.565217391304348
26812,0.66
26816,0.688
26823,0.648535564853556
26834,0.64128256513026
26836,0.544
26841,0.557971014492754
26845,0.524528301886792
26849,0.619047619047619
26854,0.557768924302789
26858,0.632411067193676
26860,0.612
26866,0.6
26871,0.644
26873,0.615960099750623
26905,0.569169960474308
26907,0.601593625498008
26920,0.544747081712062
26924,0.713147410358566
26930,0.576
26942,0.672
26944,0.612
26949,0.615960099750623
26952,0.615960099750623
26956,0.573705179282869
26973,0.602272727272727
26977,0.621513944223108
26993,0.519685039370079
26997,0.596
26999,0.573705179282869
27021,0.605577689243028
27023,0.596
27025,0.884920634920635
27027,0.58
27032,0.632989690721649
27034,0.549800796812749
27036,0.608695652173913
27045,0.629482071713147
27050,0.590909090909091
27051,0.596
27055,0.564
27056,0.58
27060,0.641434262948207
27061,0.632989690721649
27066,0.64066852367688
27070,0.644
27073,0.653543307086614
27077,0.568
27085,0.58
27086,0.58203125
27099,0.617250673854447
27105,0.617250673854447
27109,0.628
27125,0.629482071713147
27135,0.632989690721649
27139,0.66
27140,0.64066852367688
27141,0.629482071713147
27142,0.644
27144,0.657692307692308
27148,0.632
27154,0.565737051792829
27162,0.63956043956044
27175,0.648
27176,0.596
27178,0.614173228346457
27197,0.568
27204,0.628
27205,0.612
27206,0.608
27207,0.632
27216,0.573705179282869
27230,0.62
27234,0.549019607843137
27241,0.592
27249,0.632989690721649
27251,0.579925650557621
27252,0.556
27256,0.598039215686274
27257,0.594488188976378
27263,0.645418326693227
27268,0.616
27269,0.616
27276,0.629482071713147
27279,0.644562334217507
27288,0.617250673854447
27295,0.592885375494071
27299,0.64066852367688
27302,0.641434262948207
27304,0.644
27316,0.572549019607843
27318,0.644
27330,0.592
27333,0.668
27335,0.612
27339,0.62
27341,0.605797101449275
27342,0.628
27345,0.606299212598425
27347,0.572
27354,0.652
27361,0.724
27375,0.605797101449275
27387,0.617816091954023
27390,0.617816091954023
27392,0.620192307692308
27399,0.572490706319703
27403,0.7
27410,0.622030237580994
27423,0.603921568627451
27429,0.598425196850394
27432,0.50958904109589
27436,0.58
27437,0.573529411764706
27441,0.619607843137255
27444,0.613545816733068
27445,0.668
27448,0.532307692307692
27454,0.58
27459,0.628
27465,0.608
27478,0.630669546436285
27479,0.656
27481,0.605797101449275
27483,0.625
27486,0.7
27498,0.588
27505,0.6
27507,0.579365079365079
27509,0.644
27514,0.592
27527,0.630669546436285
27535,0.596837944664032
27544,0.587813620071685
27545,0.624
27556,0.584
27563,0.58
27569,0.636
27585,0.644
27589,0.596
27605,0.648
27608,0.630669546436285
27609,0.642857142857143
27611,0.664
27621,0.652
27626,0.620192307692308
27629,0.650793650793651
27645,0.630669546436285
27651,0.589641434262948
27654,0.552
27656,0.617816091954023
27663,0.620192307692308
27673,0.654761904761905
27677,0.66798418972332
27678,0.628
27680,0.612
27681,0.620192307692308
27684,0.58
27688,0.648
27706,0.6
27709,0.596
27720,0.561752988047809
27722,0.544
27733,0.613899613899614
27734,0.66
27739,0.62
27746,0.617816091954023
27751,0.620192307692308
27755,0.58
27777,0.596
27783,0.650980392156863
27795,0.597609561752988
27805,0.584
27811,0.52156862745098
27815,0.55511811023622
27823,0.588
27856,0.601593625498008
27873,0.62
27883,0.573705179282869
27885,0.580327868852459
27887,0.567647058823529
27899,0.628
27921,0.58
27924,0.633858267716535
27927,0.629482071713147
27929,0.628458498023715
27932,0.603112840466926
27943,0.667525773195876
27945,0.667525773195876
27952,0.602362204724409
27957,0.507936507936508
27960,0.568
27966,0.58
27968,0.624113475177305
27980,0.592476489028213
27984,0.537313432835821
27994,0.577689243027888
27995,0.629716981132076
28002,0.624113475177305
28004,0.592476489028213
28006,0.531746031746032
28028,0.551587301587302
28042,0.669191919191919
28043,0.669191919191919
28055,0.628
28061,0.600600600600601
28063,0.62
28077,0.604
28090,0.600600600600601
28093,0.624
28095,0.632
28096,0.56078431372549
28098,0.653846153846154
28099,0.5
28111,0.641434262948207
28115,0.624
28123,0.619047619047619
28125,0.596
28126,0.629955947136564
28129,0.600600600600601
28131,0.641434262948207
28139,0.616
28146,0.553435114503817
28153,0.535849056603774
28155,0.624
28160,0.501930501930502
28166,0.596
28167,0.525291828793774
28176,0.512
28185,0.572
28187,0.600600600600601
28195,0.669191919191919
28203,0.58
28206,0.6
28209,0.538167938931298
28210,0.63921568627451
28211,0.645418326693227
28216,0.556
28234,0.544
28235,0.669191919191919
28248,0.645418326693227
28255,0.609561752988048
28266,0.62
28277,0.632411067193676
28286,0.581673306772908
28288,0.592
28289,0.568
28290,0.568
28296,0.608
28300,0.649462365591398
28306,0.527777777777778
28307,0.645418326693227
28309,0.652
28327,0.533073929961089
28336,0.608
28345,0.632
28355,0.545454545454545
28361,0.661354581673307
28362,0.636
28374,0.5
28380,0.56
28381,0.649797570850202
28393,0.534615384615385
28394,0.64
28405,0.58
28413,0.645418326693227
28426,0.669191919191919
28428,0.50199203187251
28429,0.653846153846154
28442,0.612
28445,0.588
28457,0.600600600600601
28459,0.546742209631728
28462,0.572
28478,0.553784860557769
28490,0.576
28492,0.6
28499,0.653386454183267
28500,0.611413043478261
28506,0.619266055045872
28509,0.633466135458167
28513,0.58
28516,0.548
28519,0.614147909967846
28526,0.54
28527,0.54
28528,0.524
28533,0.62
28547,0.592
28551,0.533864541832669
28563,0.555555555555556
28566,0.576
28568,0.50996015936255
28580,0.56
28589,0.572
28590,0.619266055045872
28606,0.596
28613,0.644
28615,0.592
28619,0.633620689655172
28629,0.583333333333333
28633,0.588
28635,0.614147909967846
28646,0.6
28648,0.581673306772908
28651,0.612
28660,0.614147909967846
28681,0.633620689655172
28693,0.56
28696,0.604
28703,0.589641434262948
28709,0.625498007968127
28712,0.6525
28718,0.52191235059761
28719,0.556
28727,0.509881422924901
28730,0.553784860557769
28732,0.6525
28740,0.628
28747,0.633620689655172
28752,0.614147909967846
28757,0.5
28764,0.552
28765,0.656
28770,0.6525
28772,0.50597609561753
28783,0.555555555555556
28786,0.50390625
28796,0.645418326693227
28799,0.547892720306513
28806,0.51310861423221
28807,0.625498007968127
28815,0.568
28818,0.564
28823,0.585657370517928
28824,0.58
28831,0.633620689655172
28834,0.591269841269841
28841,0.5
28848,0.619266055045872
28882,0.625498007968127
28884,0.608
28904,0.557768924302789
28907,0.535714285714286
28919,0.551587301587302
28920,0.516
28928,0.541176470588235
28935,0.72
28936,0.689243027888446
28945,0.638888888888889
28950,0.536679536679537
28957,0.6525
28963,0.504
28974,0.614147909967846
28980,0.50597609561753
28988,0.52
28999,0.597609561752988
29001,0.533864541832669
29004,0.724
29006,0.615079365079365
29012,0.548
29018,0.619266055045872
29027,0.664
29030,0.650793650793651
29032,0.553784860557769
29039,0.616
29043,0.589970501474926
29056,0.568
29064,0.587257617728532
29068,0.669322709163347
29069,0.668
29074,0.544
29076,0.636
29085,0.605577689243028
29088,0.587257617728532
29091,0.628
29092,0.534426229508197
29093,0.624505928853755
29094,0.58
29108,0.606299212598425
29114,0.551181102362205
29115,0.525896414342629
29118,0.524
29125,0.552
29127,0.589970501474926
29150,0.56
29152,0.56
29155,0.544
29165,0.533864541832669
29167,0.606299212598425
29174,0.592727272727273
29180,0.628
29185,0.504
29190,0.564
29192,0.606299212598425
29194,0.632
29220,0.64
29231,0.509881422924901
29237,0.524
29240,0.54
29247,0.552
29256,0.693227091633466
29275,0.532
29278,0.50597609561753
29280,0.577689243027888
29286,0.645418326693227
29288,0.584
29305,0.511904761904762
29327,0.606299212598425
29329,0.50996015936255
29333,0.628
29335,0.617529880478088
29342,0.589970501474926
29344,0.6
29353,0.548
29358,0.636
29373,0.604
29392,0.589970501474926
29393,0.50199203187251
29395,0.589970501474926
29403,0.584
29405,0.581673306772908
29410,0.616
29423,0.632
29427,0.614117647058824
29429,0.629482071713147
29432,0.58
29440,0.588972431077694
29447,0.62
29448,0.717131474103586
29452,0.524
29455,0.572
29461,0.50763358778626
29466,0.64
29474,0.569721115537849
29476,0.644
29486,0.512
29494,0.601593625498008
29497,0.58
29505,0.576
29511,0.587257617728532
29516,0.606299212598425
29522,0.512
29523,0.568
29524,0.535433070866142
29529,0.516
29533,0.616
29535,0.604
29548,0.562043795620438
29551,0.648
29563,0.716
29574,0.516
29575,0.7
29592,0.638888888888889
29599,0.537549407114625
29608,0.7
29613,0.646341463414634
29620,0.616
29630,0.60536398467433
29637,0.645418326693227
29638,0.561538461538462
29643,0.588
29648,0.672
29657,0.628
29659,0.66
29662,0.643137254901961
29665,0.625498007968127
29699,0.611548556430446
29706,0.572
29715,0.532
29716,0.548
29717,0.545112781954887
29721,0.50996015936255
29731,0.515267175572519
29735,0.590551181102362
29739,0.51394422310757
29742,0.577689243027888
29747,0.716535433070866
29749,0.621513944223108
29754,0.656488549618321
29773,0.5
29777,0.532
29779,0.664
29783,0.532
29786,0.613545816733068
29805,0.71875
29811,0.557312252964427
29812,0.620553359683794
29815,0.51394422310757
29819,0.549800796812749
29833,0.50199203187251
29847,0.52
29854,0.615079365079365
29856,0.725099601593626
29859,0.636
29864,0.596
29865,0.592
29867,0.587548638132296
29885,0.616
29894,0.668
29900,0.624
29910,0.528
29928,0.632
29942,0.68
29951,0.606741573033708
29953,0.67719298245614
29962,0.6
29968,0.624
29974,0.504
29980,0.573529411764706
29987,0.666666666666667
29993,0.547244094488189
30001,0.52191235059761
30005,0.518796992481203
30015,0.632
30034,0.674603174603175
30041,0.602362204724409
30044,0.589641434262948
30058,0.62
30061,0.585760517799353
30064,0.577689243027888
30065,0.624
30069,0.604
30074,0.624
30076,0.621513944223108
30080,0.585760517799353
30086,0.636
30087,0.632
30092,0.656
30093,0.606811145510836
30096,0.662698412698413
30097,0.624505928853755
30098,0.641434262948207
30102,0.633962264150943
30106,0.624
30110,0.568
30111,0.624505928853755
30122,0.607142857142857
30128,0.621513944223108
30130,0.6171875
30131,0.628458498023715
30132,0.633962264150943
30135,0.609561752988048
30137,0.624505928853755
30157,0.624505928853755
30158,0.575875486381323
30162,0.625498007968127
30170,0.652291105121294
30174,0.623015873015873
30195,0.666666666666667
30196,0.6
30204,0.53515625
30207,0.686648501362398
30209,0.686648501362398
30212,0.624
30221,0.641434262948207
30225,0.652291105121294
30229,0.627906976744186
30231,0.632
30233,0.596
30237,0.651685393258427
30239,0.653225806451613
30242,0.651685393258427
30244,0.62
30249,0.569721115537849
30262,0.596
30286,0.613545816733068
30292,0.617529880478088
30303,0.673306772908366
30320,0.56
30322,0.568627450980392
30355,0.588
30356,0.56
30372,0.656
30375,0.608
30379,0.516
30384,0.552
30386,0.572519083969466
30394,0.586614173228346
30395,0.576
30396,0.652
30397,0.592
30402,0.622047244094488
30413,0.555555555555556
30416,0.645418326693227
30420,0.6
30422,0.577689243027888
30432,0.688
30434,0.583333333333333
30438,0.556
30444,0.561264822134387
30446,0.692832764505119
30455,0.608
30457,0.6
30459,0.588
30463,0.661870503597122
30468,0.624
30477,0.584
30478,0.616
30481,0.556
30482,0.564
30487,0.609561752988048
30491,0.548
30496,0.673239436619718
30501,0.618110236220472
30506,0.604
30511,0.644
30513,0.56420233463035
30516,0.612
30520,0.598425196850394
30531,0.564
30542,0.696022727272727
30555,0.516
30557,0.5625
30568,0.614785992217899
30570,0.696022727272727
30584,0.652
30594,0.696022727272727
30614,0.592
30617,0.58
30618,0.563218390804598
30631,0.583333333333333
30632,0.6015625
30634,0.553030303030303
30636,0.595238095238095
30637,0.595238095238095
30639,0.62
30647,0.611111111111111
30649,0.519685039370079
30656,0.61328125
30660,0.608
30665,0.565737051792829
30669,0.609561752988048
30681,0.696022727272727
30683,0.606870229007634
30687,0.597826086956522
30694,0.661870503597122
